# kind	readme-row	project	executable	work-dir	input	checkout	content	notes	status
# Walk-through checklist of every runnable program in games/ (kind run) and every downloaded checkout or built content no project uses.
# Run: cd <work-dir> && CNA_NATIVE_LIBRARY=<cna>/build-probe/modules/c-api/libcna_c_api.so <executable>. readme-row names the games/README.md row with the evidence.
# status is filled in during the walk-through (played-ok, played-broken, deleted, kept, ...).
run	2D Graphics Programming for Games	2dGPfG/10-2-0-SinusoidalBounce	/rv/data/development/github.com/libcna/cna-cs-samples/games/2dGPfG/10-2-0-SinusoidalBounce/bin/Release/ColorSample	/rv/data/development/github.com/libcna/cna-cs-samples/games/2dGPfG/10-2-0-SinusoidalBounce/bin/Release	desktop	/rv/tmp/xna-games/alaskajohn_2dGPfG	/rv/tmp/xna-games-content/2dgpfg		
run	2D Graphics Programming for Games	2dGPfG/10-2-0-SinusoidalMotion	/rv/data/development/github.com/libcna/cna-cs-samples/games/2dGPfG/10-2-0-SinusoidalMotion/bin/Release/ColorSample	/rv/data/development/github.com/libcna/cna-cs-samples/games/2dGPfG/10-2-0-SinusoidalMotion/bin/Release	desktop	/rv/tmp/xna-games/alaskajohn_2dGPfG	/rv/tmp/xna-games-content/2dgpfg		
run	2D Graphics Programming for Games	2dGPfG/3-1-7-MovingSprite	/rv/data/development/github.com/libcna/cna-cs-samples/games/2dGPfG/3-1-7-MovingSprite/bin/Release/ColorSample	/rv/data/development/github.com/libcna/cna-cs-samples/games/2dGPfG/3-1-7-MovingSprite/bin/Release	desktop	/rv/tmp/xna-games/alaskajohn_2dGPfG	/rv/tmp/xna-games-content/2dgpfg		
run	2D Graphics Programming for Games	2dGPfG/3-11-0-QuiltPatern	/rv/data/development/github.com/libcna/cna-cs-samples/games/2dGPfG/3-11-0-QuiltPatern/bin/Release/WindowsGame1	/rv/data/development/github.com/libcna/cna-cs-samples/games/2dGPfG/3-11-0-QuiltPatern/bin/Release	desktop	/rv/tmp/xna-games/alaskajohn_2dGPfG	/rv/tmp/xna-games-content/2dgpfg		
run	2D Graphics Programming for Games	2dGPfG/4-2-0-RunCylce	/rv/data/development/github.com/libcna/cna-cs-samples/games/2dGPfG/4-2-0-RunCylce/bin/Release/animationSeq1	/rv/data/development/github.com/libcna/cna-cs-samples/games/2dGPfG/4-2-0-RunCylce/bin/Release	desktop	/rv/tmp/xna-games/alaskajohn_2dGPfG	/rv/tmp/xna-games-content/2dgpfg		
run	2D Graphics Programming for Games	2dGPfG/4-3-2-SlowInOut	/rv/data/development/github.com/libcna/cna-cs-samples/games/2dGPfG/4-3-2-SlowInOut/bin/Release/animationSeq2	/rv/data/development/github.com/libcna/cna-cs-samples/games/2dGPfG/4-3-2-SlowInOut/bin/Release	desktop	/rv/tmp/xna-games/alaskajohn_2dGPfG	/rv/tmp/xna-games-content/2dgpfg		
run	2D Graphics Programming for Games	2dGPfG/5-2-0-CameraWithZoom	/rv/data/development/github.com/libcna/cna-cs-samples/games/2dGPfG/5-2-0-CameraWithZoom/bin/Release/cameraSample1	/rv/data/development/github.com/libcna/cna-cs-samples/games/2dGPfG/5-2-0-CameraWithZoom/bin/Release	desktop	/rv/tmp/xna-games/alaskajohn_2dGPfG	/rv/tmp/xna-games-content/2dgpfg		
run	2D Graphics Programming for Games	2dGPfG/5-3-1-SimpleTiles	/rv/data/development/github.com/libcna/cna-cs-samples/games/2dGPfG/5-3-1-SimpleTiles/bin/Release/cameraSample1	/rv/data/development/github.com/libcna/cna-cs-samples/games/2dGPfG/5-3-1-SimpleTiles/bin/Release	desktop	/rv/tmp/xna-games/alaskajohn_2dGPfG	/rv/tmp/xna-games-content/2dgpfg		
run	2D Graphics Programming for Games	2dGPfG/6-2-1-Foreground	/rv/data/development/github.com/libcna/cna-cs-samples/games/2dGPfG/6-2-1-Foreground/bin/Release/DepthExample1	/rv/data/development/github.com/libcna/cna-cs-samples/games/2dGPfG/6-2-1-Foreground/bin/Release	desktop	/rv/tmp/xna-games/alaskajohn_2dGPfG	/rv/tmp/xna-games-content/2dgpfg		
run	2D Graphics Programming for Games	2dGPfG/6-5-3-EyeLevel	/rv/data/development/github.com/libcna/cna-cs-samples/games/2dGPfG/6-5-3-EyeLevel/bin/Release/cameraSample1	/rv/data/development/github.com/libcna/cna-cs-samples/games/2dGPfG/6-5-3-EyeLevel/bin/Release	desktop	/rv/tmp/xna-games/alaskajohn_2dGPfG	/rv/tmp/xna-games-content/2dgpfg		
run	2D Graphics Programming for Games	2dGPfG/8-1-0-ParticleEffects1	/rv/data/development/github.com/libcna/cna-cs-samples/games/2dGPfG/8-1-0-ParticleEffects1/bin/Release/ColorSample	/rv/data/development/github.com/libcna/cna-cs-samples/games/2dGPfG/8-1-0-ParticleEffects1/bin/Release	desktop	/rv/tmp/xna-games/alaskajohn_2dGPfG	/rv/tmp/xna-games-content/2dgpfg		
run	2D Graphics Programming for Games	2dGPfG/9-1-0-ColorGradient	/rv/data/development/github.com/libcna/cna-cs-samples/games/2dGPfG/9-1-0-ColorGradient/bin/Release/ColorSample	/rv/data/development/github.com/libcna/cna-cs-samples/games/2dGPfG/9-1-0-ColorGradient/bin/Release	desktop	/rv/tmp/xna-games/alaskajohn_2dGPfG	/rv/tmp/xna-games-content/2dgpfg		
run	2D Graphics Programming for Games	2dGPfG/9-1-1-PixelMod-CPU	/rv/data/development/github.com/libcna/cna-cs-samples/games/2dGPfG/9-1-1-PixelMod-CPU/bin/Release/ColorSample	/rv/data/development/github.com/libcna/cna-cs-samples/games/2dGPfG/9-1-1-PixelMod-CPU/bin/Release	desktop	/rv/tmp/xna-games/alaskajohn_2dGPfG	/rv/tmp/xna-games-content/2dgpfg		
run	2D Graphics Programming for Games	2dGPfG/9-1-2-PixelModBlur-GPU	/rv/data/development/github.com/libcna/cna-cs-samples/games/2dGPfG/9-1-2-PixelModBlur-GPU/bin/Release/ColorSample	/rv/data/development/github.com/libcna/cna-cs-samples/games/2dGPfG/9-1-2-PixelModBlur-GPU/bin/Release	desktop	/rv/tmp/xna-games/alaskajohn_2dGPfG	/rv/tmp/xna-games-content/2dgpfg		
run	AlexMeuer's 3D course projects	AlexMeuer3D/CityShooter	/rv/data/development/github.com/libcna/cna-cs-samples/games/AlexMeuer3D/CityShooter/bin/Release/CityShooter	/rv/data/development/github.com/libcna/cna-cs-samples/games/AlexMeuer3D/CityShooter/bin/Release	desktop	/rv/tmp/xna-games/AlexMeuer_3D-Graphics-and-Audio	/rv/tmp/xna-games-content/alexmeuer-fps		
run	AlexMeuer's 3D course projects	AlexMeuer3D/FlyingShip	/rv/data/development/github.com/libcna/cna-cs-samples/games/AlexMeuer3D/FlyingShip/bin/Release/XNA_3D_INTRO	/rv/data/development/github.com/libcna/cna-cs-samples/games/AlexMeuer3D/FlyingShip/bin/Release	desktop	/rv/tmp/xna-games/AlexMeuer_3D-Graphics-and-Audio	/rv/tmp/xna-games-content/alexmeuer-flyingship		
run	AlexMeuer's 3D course projects	AlexMeuer3D/SolarSystem3D	/rv/data/development/github.com/libcna/cna-cs-samples/games/AlexMeuer3D/SolarSystem3D/bin/Release/3DSolarSystem	/rv/data/development/github.com/libcna/cna-cs-samples/games/AlexMeuer3D/SolarSystem3D/bin/Release	desktop	/rv/tmp/xna-games/AlexMeuer_3D-Graphics-and-Audio	/rv/tmp/xna-games-content/alexmeuer-solar3d		
run	Asteria demos	Asteria/BlendEffect	/rv/data/development/github.com/libcna/cna-cs-samples/games/Asteria/BlendEffect/bin/Release/WindowsGame1	/rv/data/development/github.com/libcna/cna-cs-samples/games/Asteria/BlendEffect/bin/Release	desktop	/rv/tmp/xna-games/Bryan-Legend_asteria	/rv/tmp/xna-games-content/asteria-blend		
run	Asteria demos	Asteria/Lighting	/rv/data/development/github.com/libcna/cna-cs-samples/games/Asteria/Lighting/bin/Release/AsteriaLighting	/rv/data/development/github.com/libcna/cna-cs-samples/games/Asteria/Lighting/bin/Release	desktop	/rv/tmp/xna-games/Bryan-Legend_asteria	/rv/tmp/xna-games-content/asteria-lighting		
run	asvo	Asvo	/rv/data/development/github.com/libcna/cna-cs-samples/games/Asvo/bin/Release/asvo	/rv/data/development/github.com/libcna/cna-cs-samples/games/Asvo/bin/Release	desktop	/rv/tmp/xna-games/denniskb_asvo	/rv/tmp/xna-games-content/asvo		
run	Blackjack	Blackjack	/rv/data/development/github.com/libcna/cna-cs-samples/games/Blackjack/bin/Release/BlackjackXNA	/rv/data/development/github.com/libcna/cna-cs-samples/games/Blackjack/bin/Release	desktop	/rv/tmp/xna-games/stpettersens_21	/rv/tmp/xna-games/stpettersens_21		
run	BoneAnimation example	BoneAnimation	/rv/data/development/github.com/libcna/cna-cs-samples/games/BoneAnimation/bin/Release/BoneTestGame	/rv/data/development/github.com/libcna/cna-cs-samples/games/BoneAnimation/bin/Release	desktop	/rv/tmp/xna-games/imeteora_BoneAnimation	/rv/tmp/xna-games-content/bones		
run	Bubble Bound	Bubblebound	/rv/data/development/github.com/libcna/cna-cs-samples/games/Bubblebound/bin/Release/bubblebound	/rv/data/development/github.com/libcna/cna-cs-samples/games/Bubblebound/bin/Release	desktop	/rv/tmp/xna-games/bubblebound	/rv/tmp/xna-games-content/bubblebound		
run	2D camera Platformer	Camera2D	/rv/data/development/github.com/libcna/cna-cs-samples/games/Camera2D/bin/Release/Platformer	/rv/data/development/github.com/libcna/cna-cs-samples/games/Camera2D/bin/Release	desktop	/rv/tmp/xna-games/apbeecham_xna-camera-2d	/rv/tmp/xna-games-content/camera2d		
run	cocos2d-x for XNA tests	Cocos2dXna	/rv/data/development/github.com/libcna/cna-cs-samples/games/Cocos2dXna/bin/Release/tests	/rv/data/development/github.com/libcna/cna-cs-samples/games/Cocos2dXna/bin/Release	phone (mouse = finger, Escape = Back)	/rv/tmp/xna-games/cocos2d_cocos2d-x-for-xna	/rv/tmp/xna-games-content/cocos2dtests	the app never clears its frame, so scenes smear (its own behaviour)	
run	__Defense	Defense	/rv/data/development/github.com/libcna/cna-cs-samples/games/Defense/bin/Release/defense	/rv/data/development/github.com/libcna/cna-cs-samples/games/Defense/bin/Release	desktop	/rv/tmp/xna-games/defense	/rv/tmp/xna-games-content/defense		
run	Disentanglement	Disentanglement	/rv/data/development/github.com/libcna/cna-cs-samples/games/Disentanglement/bin/Release/WindowsPuzzleVisualizer	/rv/data/development/github.com/libcna/cna-cs-samples/games/Disentanglement/bin/Release	desktop	/rv/tmp/xna-games/dsplaisted_Disentanglement			
run	Dominó Tropical	Domino	/rv/data/development/github.com/libcna/cna-cs-samples/games/Domino/bin/Release/Domino Beta v0.1	/rv/data/development/github.com/libcna/cna-cs-samples/games/Domino/bin/Release	desktop	/rv/tmp/xna-games/DominoTropicalXNA			
run	Escape From Enceladus	Enceladus	/rv/data/development/github.com/libcna/cna-cs-samples/games/Enceladus/bin/Release/EscapeFromEnceladus	/rv/data/development/github.com/libcna/cna-cs-samples/games/Enceladus/bin/Release	desktop	/rv/tmp/xna-games/escape-from-enceladus	/rv/tmp/xna-games-content/enceladus		
run	ExEn samples	ExEn/CatGirls	/rv/data/development/github.com/libcna/cna-cs-samples/games/ExEn/CatGirls/bin/Release/CatGirls	/rv/data/development/github.com/libcna/cna-cs-samples/games/ExEn/CatGirls/bin/Release	desktop	/rv/tmp/xna-games/jlyonsmith_ExEnCopy	/rv/tmp/xna-games-content/exen-catgirls		
run	ExEn samples	ExEn/Marblets	/rv/data/development/github.com/libcna/cna-cs-samples/games/ExEn/Marblets/bin/Release/MarbletsWindows	/rv/data/development/github.com/libcna/cna-cs-samples/games/ExEn/Marblets/bin/Release	desktop	/rv/tmp/xna-games/jlyonsmith_ExEnCopy	/rv/tmp/xna-games-content/exen-marblets		
run	ExEn samples	ExEn/Orientation	/rv/data/development/github.com/libcna/cna-cs-samples/games/ExEn/Orientation/bin/Release/Orientation	/rv/data/development/github.com/libcna/cna-cs-samples/games/ExEn/Orientation/bin/Release	desktop	/rv/tmp/xna-games/jlyonsmith_ExEnCopy	/rv/tmp/xna-games-content/exen-orientation		
run	Farseer Physics 3.5 samples	Farseer35Samples	/rv/data/development/github.com/libcna/cna-cs-samples/games/Farseer35Samples/bin/Release/Samples XNA	/rv/data/development/github.com/libcna/cna-cs-samples/games/Farseer35Samples/bin/Release	desktop	/rv/tmp/xna-games/laie_RescueTheVisualStudio	/rv/tmp/xna-games-content/farseer35		
run	FightingGame	FightingGame	/rv/data/development/github.com/libcna/cna-cs-samples/games/FightingGame/bin/Release/FightingGame	/rv/data/development/github.com/libcna/cna-cs-samples/games/FightingGame/bin/Release	desktop	/rv/tmp/xna-games/FinalProject	/rv/tmp/xna-games/FinalProject		
run	Flight Sim	FlightSim	/rv/data/development/github.com/libcna/cna-cs-samples/games/FlightSim/bin/Release/itp380	/rv/data/development/github.com/libcna/cna-cs-samples/games/FlightSim/bin/Release	desktop	/rv/tmp/xna-games/wontonst_flightsim	/rv/tmp/xna-games-content/flightsim		
run	Flight Sim	FlightSim/Particle3DSample	/rv/data/development/github.com/libcna/cna-cs-samples/games/FlightSim/Particle3DSample/bin/Release/Particle3DSample	/rv/data/development/github.com/libcna/cna-cs-samples/games/FlightSim/Particle3DSample/bin/Release	desktop	/rv/tmp/xna-games/wontonst_flightsim			
run	FluidPort	FluidPort	/rv/data/development/github.com/libcna/cna-cs-samples/games/FluidPort/bin/Release/FluidPort	/rv/data/development/github.com/libcna/cna-cs-samples/games/FluidPort/bin/Release	desktop	/rv/tmp/xna-games/klutch_Box2DFluid	/rv/tmp/xna-games-content/fluidport		
run	Forge sample	ForgeSample	/rv/tmp/cs-samples/forge/1/2/3/4/5/XNA	/rv/tmp/cs-samples/forge/1/2/3/4/5	desktop	/rv/tmp/xna-games/forge-sample		runs from a copy of its output five levels below its Assets	
run	FunGame	FunGame	/rv/data/development/github.com/libcna/cna-cs-samples/games/FunGame/bin/Release/FunGame	/rv/data/development/github.com/libcna/cna-cs-samples/games/FunGame/bin/Release	desktop	/rv/tmp/xna-games/rpallarino3_Test2DGame	/rv/tmp/xna-games/rpallarino3_Test2DGame		
run	Kittens & Kobolds	GGJ14/GlobalGameJam	/rv/data/development/github.com/libcna/cna-cs-samples/games/GGJ14/GlobalGameJam/bin/Release/GlobalGameJam	/rv/data/development/github.com/libcna/cna-cs-samples/games/GGJ14/GlobalGameJam/bin/Release	desktop	/rv/tmp/xna-games/LostCodeStudios_GGJ14	/rv/tmp/xna-games-content/ggj14		
run	Gears VGE	GearsVge	/rv/data/development/github.com/libcna/cna-cs-samples/games/GearsVge/bin/Release/GearsDebug	/rv/data/development/github.com/libcna/cna-cs-samples/games/GearsVge/bin/Release	desktop	/rv/tmp/xna-games/spectrumbranch_gearsvge	/rv/tmp/xna-games-content/gearsvge	Release build: splash and title only; a Debug build (dotnet build -c Debug) has its debugger menu and Radial Assault; ends with PlatformNotSupportedException from its own Thread.Abort (CSX-142)	
run	HauntedHouse	HauntedHouse	/rv/data/development/github.com/libcna/cna-cs-samples/games/HauntedHouse/bin/Release/HauntedHouse	/rv/data/development/github.com/libcna/cna-cs-samples/games/HauntedHouse/bin/Release	desktop	/rv/tmp/xna-games/callumlawson_Projects	/rv/tmp/xna-games/callumlawson_Projects		
run	HeliumBiker	HeliumBiker	/rv/data/development/github.com/libcna/cna-cs-samples/games/HeliumBiker/bin/Release/HeliumBiker	/rv/data/development/github.com/libcna/cna-cs-samples/games/HeliumBiker/bin/Release	desktop	/rv/tmp/xna-games/HeliumBiker-Game	/rv/tmp/xna-games-content/heliumbiker	Wii Remote only: waits on its CONNECT screen, as on Windows without one	
run	Heroes of Rock	HeroesOfRock	/rv/data/development/github.com/libcna/cna-cs-samples/games/HeroesOfRock/bin/Release/HeroesOfRock	/rv/data/development/github.com/libcna/cna-cs-samples/games/HeroesOfRock/bin/Release	desktop	/rv/tmp/xna-games/scotttorgeson_HeroesOfRock	/rv/tmp/xna-games-content/heroesofrock	reaches its menu	
run	Kosmic Warz	KosmicWarz	/rv/data/development/github.com/libcna/cna-cs-samples/games/KosmicWarz/bin/Release/SpaceInvadersWP7	/rv/data/development/github.com/libcna/cna-cs-samples/games/KosmicWarz/bin/Release	phone (mouse = finger, Escape = Back)	/rv/tmp/xna-games/KosmicWarz-WP	/rv/tmp/xna-games-content/kosmicwarz		
run	Alone	LdAlone	/rv/data/development/github.com/libcna/cna-cs-samples/games/LdAlone/bin/Release/ld_alone	/rv/data/development/github.com/libcna/cna-cs-samples/games/LdAlone/bin/Release	desktop	/rv/tmp/xna-games/zachrburke_ludum-dare22	/rv/tmp/xna-games/zachrburke_ludum-dare22		
run	LilyPath logo	LilyPath	/rv/data/development/github.com/libcna/cna-cs-samples/games/LilyPath/bin/Release/LilyPathLogo	/rv/data/development/github.com/libcna/cna-cs-samples/games/LilyPath/bin/Release	desktop	/rv/tmp/xna-games/jaquadro_LilyPath			
run	Mahjong (XNA client)	Mahjong	/rv/data/development/github.com/libcna/cna-cs-samples/games/Mahjong/bin/Release/MahjongXNA	/rv/data/development/github.com/libcna/cna-cs-samples/games/Mahjong/bin/Release	desktop	/rv/tmp/xna-games/Mahjong	/rv/tmp/xna-games-content/mahjong	hold each click (press, pause, release); it polls slowly	
run	Mario3	Mario3	/rv/data/development/github.com/libcna/cna-cs-samples/games/Mario3/bin/Release/Mario3	/rv/data/development/github.com/libcna/cna-cs-samples/games/Mario3/bin/Release	desktop	/rv/tmp/xna-games/Zero-One101_Mario3	/rv/tmp/xna-games-content/mario3		
run	Memory Madness	MemoryMadness	/rv/data/development/github.com/libcna/cna-cs-samples/games/MemoryMadness/bin/Release/MemoryMadness	/rv/data/development/github.com/libcna/cna-cs-samples/games/MemoryMadness/bin/Release	phone (mouse = finger, Escape = Back)	/rv/tmp/samples/SAMPLE-097-MemoryMadnessLab_4_0	/rv/tmp/samples/SAMPLE-097-MemoryMadnessLab_4_0	pre-existing C++ campaign evidence: do not delete with the game	
run	Project Mercury	MercuryTestBench	/rv/data/development/github.com/libcna/cna-cs-samples/games/MercuryTestBench/bin/Release/ProjectMercury.TestBench	/rv/data/development/github.com/libcna/cna-cs-samples/games/MercuryTestBench/bin/Release	desktop	/rv/tmp/xna-games/Andrea_MercuryParticleEngine	/rv/tmp/xna-games-content/mercury		
run	Missile Command	MissileCommand	/rv/data/development/github.com/libcna/cna-cs-samples/games/MissileCommand/bin/Release/MissileCommand	/rv/data/development/github.com/libcna/cna-cs-samples/games/MissileCommand/bin/Release	desktop	/rv/tmp/xna-games/MissileCommand	/rv/tmp/xna-games-content/missilecommand		
run	Moto Trial Racer	MotoTrialRacer	/rv/data/development/github.com/libcna/cna-cs-samples/games/MotoTrialRacer/bin/Release/MotoTrialRacer	/rv/data/development/github.com/libcna/cna-cs-samples/games/MotoTrialRacer/bin/Release	phone (mouse = finger, Escape = Back)	/rv/tmp/xna-games/moto-trial-racer-wp	/rv/tmp/xna-games-content/moto		
run	MP3Sharp sample	Mp3Sharp	/rv/data/development/github.com/libcna/cna-cs-samples/games/Mp3Sharp/bin/Release/XNA4Sample	/rv/data/development/github.com/libcna/cna-cs-samples/games/Mp3Sharp/bin/Release	desktop	/rv/tmp/xna-games/ZaneDubya_MP3Sharp			
run	My Big Head Is Weighing Me Down	MyBigHead	/rv/data/development/github.com/libcna/cna-cs-samples/games/MyBigHead/bin/Release/HeadGame	/rv/data/development/github.com/libcna/cna-cs-samples/games/MyBigHead/bin/Release	desktop	/rv/tmp/xna-games/MyBigHeadIsWeighingMeDownGame	/rv/tmp/xna-games-content/headgame		
run	NePlus	NePlus	/rv/data/development/github.com/libcna/cna-cs-samples/games/NePlus/bin/Release/NePlus	/rv/data/development/github.com/libcna/cna-cs-samples/games/NePlus/bin/Release	desktop	/rv/tmp/xna-games/NePlus	/rv/tmp/xna-games-content/neplus		
run	NeonVectorShooter	NeonVectorShooter	/rv/data/development/github.com/libcna/cna-cs-samples/games/NeonVectorShooter/bin/Release/NeonVectorShooter	/rv/data/development/github.com/libcna/cna-cs-samples/games/NeonVectorShooter/bin/Release	desktop	/rv/tmp/xna-games/thiagoromam_game-development	/rv/tmp/xna-games-content/neonvectorshooter		
run	Network Prediction	NetworkPrediction	/rv/data/development/github.com/libcna/cna-cs-samples/games/NetworkPrediction/bin/Release/NetworkPrediction	/rv/data/development/github.com/libcna/cna-cs-samples/games/NetworkPrediction/bin/Release	desktop	/rv/tmp/samples/SAMPLE-100-NetworkPredictionSample_4_0	/rv/tmp/samples/SAMPLE-100-NetworkPredictionSample_4_0	GamerServices sign-in and SystemLink; run with an isolated XDG and no session bus (keeps it away from your keyring); pre-existing C++ campaign evidence: do not delete with the game	
run	Network Game State Management	NetworkStateManagement	/rv/data/development/github.com/libcna/cna-cs-samples/games/NetworkStateManagement/bin/Release/NetworkStateManagement	/rv/data/development/github.com/libcna/cna-cs-samples/games/NetworkStateManagement/bin/Release	desktop	/rv/tmp/samples/SAMPLE-075-NGSMSample_4_0	/rv/tmp/samples/SAMPLE-075-NGSMSample_4_0	GamerServices sign-in; run with an isolated XDG and no session bus; Single Player reaches gameplay; pre-existing C++ campaign evidence: do not delete with the game	
run	Peer to Peer	PeerToPeer	/rv/data/development/github.com/libcna/cna-cs-samples/games/PeerToPeer/bin/Release/PeerToPeer	/rv/data/development/github.com/libcna/cna-cs-samples/games/PeerToPeer/bin/Release	desktop	/rv/tmp/samples/SAMPLE-103-PeerToPeerSample_4_0	/rv/tmp/samples/SAMPLE-103-PeerToPeerSample_4_0	GamerServices sign-in and SystemLink; run with an isolated XDG and no session bus; pre-existing C++ campaign evidence: do not delete with the game	
run	Programming Windows Phone 7	Petzold/Ch01-XnaHelloPhone	/rv/data/development/github.com/libcna/cna-cs-samples/games/Petzold/Ch01-XnaHelloPhone/bin/Release/XnaHelloPhone	/rv/data/development/github.com/libcna/cna-cs-samples/games/Petzold/Ch01-XnaHelloPhone/bin/Release	phone (mouse = finger, Escape = Back)	/rv/tmp/xna-games/coderserdar_WindowsPhoneSamples	/rv/tmp/xna-games-content/petzold	checkout shared with games/PhreeCell, games/Wp7PongDemos	
run	Programming Windows Phone 7	Petzold/Ch02-XnaOrientableHelloPhone	/rv/data/development/github.com/libcna/cna-cs-samples/games/Petzold/Ch02-XnaOrientableHelloPhone/bin/Release/XnaOrientableHelloPhone	/rv/data/development/github.com/libcna/cna-cs-samples/games/Petzold/Ch02-XnaOrientableHelloPhone/bin/Release	phone (mouse = finger, Escape = Back)	/rv/tmp/xna-games/coderserdar_WindowsPhoneSamples	/rv/tmp/xna-games-content/petzold	checkout shared with games/PhreeCell, games/Wp7PongDemos	
run	Programming Windows Phone 7	Petzold/Ch02-XnaSimpleClock	/rv/data/development/github.com/libcna/cna-cs-samples/games/Petzold/Ch02-XnaSimpleClock/bin/Release/XnaSimpleClock	/rv/data/development/github.com/libcna/cna-cs-samples/games/Petzold/Ch02-XnaSimpleClock/bin/Release	phone (mouse = finger, Escape = Back)	/rv/tmp/xna-games/coderserdar_WindowsPhoneSamples	/rv/tmp/xna-games-content/petzold	checkout shared with games/PhreeCell, games/Wp7PongDemos	
run	Programming Windows Phone 7	Petzold/Ch03-XnaTapHello	/rv/data/development/github.com/libcna/cna-cs-samples/games/Petzold/Ch03-XnaTapHello/bin/Release/XnaTapHello	/rv/data/development/github.com/libcna/cna-cs-samples/games/Petzold/Ch03-XnaTapHello/bin/Release	phone (mouse = finger, Escape = Back)	/rv/tmp/xna-games/coderserdar_WindowsPhoneSamples	/rv/tmp/xna-games-content/petzold	checkout shared with games/PhreeCell, games/Wp7PongDemos	
run	Programming Windows Phone 7	Petzold/Ch03-XnaTouchHello	/rv/data/development/github.com/libcna/cna-cs-samples/games/Petzold/Ch03-XnaTouchHello/bin/Release/XnaTouchHello	/rv/data/development/github.com/libcna/cna-cs-samples/games/Petzold/Ch03-XnaTouchHello/bin/Release	phone (mouse = finger, Escape = Back)	/rv/tmp/xna-games/coderserdar_WindowsPhoneSamples	/rv/tmp/xna-games-content/petzold	checkout shared with games/PhreeCell, games/Wp7PongDemos	
run	Programming Windows Phone 7	Petzold/Ch04-XnaLocalBitmap	/rv/data/development/github.com/libcna/cna-cs-samples/games/Petzold/Ch04-XnaLocalBitmap/bin/Release/XnaLocalBitmap	/rv/data/development/github.com/libcna/cna-cs-samples/games/Petzold/Ch04-XnaLocalBitmap/bin/Release	phone (mouse = finger, Escape = Back)	/rv/tmp/xna-games/coderserdar_WindowsPhoneSamples	/rv/tmp/xna-games-content/petzold	checkout shared with games/PhreeCell, games/Wp7PongDemos	
run	Programming Windows Phone 7	Petzold/Ch04-XnaWebBitmap	/rv/data/development/github.com/libcna/cna-cs-samples/games/Petzold/Ch04-XnaWebBitmap/bin/Release/XnaWebBitmap	/rv/data/development/github.com/libcna/cna-cs-samples/games/Petzold/Ch04-XnaWebBitmap/bin/Release	phone (mouse = finger, Escape = Back)	/rv/tmp/xna-games/coderserdar_WindowsPhoneSamples	/rv/tmp/xna-games-content/petzold	downloads its picture from the web and stays blank here; checkout shared with games/PhreeCell, games/Wp7PongDemos	
run	Programming Windows Phone 7	Petzold/Ch05-XnaAccelerometer	/rv/data/development/github.com/libcna/cna-cs-samples/games/Petzold/Ch05-XnaAccelerometer/bin/Release/XnaAccelerometer	/rv/data/development/github.com/libcna/cna-cs-samples/games/Petzold/Ch05-XnaAccelerometer/bin/Release	phone (mouse = finger, Escape = Back)	/rv/tmp/xna-games/coderserdar_WindowsPhoneSamples	/rv/tmp/xna-games-content/petzold	accelerometer: the ball stays still, as on a phone whose sensor reports nothing; checkout shared with games/PhreeCell, games/Wp7PongDemos	
run	Programming Windows Phone 7	Petzold/Ch06-XnaTombstoning	/rv/data/development/github.com/libcna/cna-cs-samples/games/Petzold/Ch06-XnaTombstoning/bin/Release/XnaTombstoning	/rv/data/development/github.com/libcna/cna-cs-samples/games/Petzold/Ch06-XnaTombstoning/bin/Release	phone (mouse = finger, Escape = Back)	/rv/tmp/xna-games/coderserdar_WindowsPhoneSamples	/rv/tmp/xna-games-content/petzold	checkout shared with games/PhreeCell, games/Wp7PongDemos	
run	Programming Windows Phone 7	Petzold/Ch19-NaiveTextMovement	/rv/data/development/github.com/libcna/cna-cs-samples/games/Petzold/Ch19-NaiveTextMovement/bin/Release/NaiveTextMovement	/rv/data/development/github.com/libcna/cna-cs-samples/games/Petzold/Ch19-NaiveTextMovement/bin/Release	phone (mouse = finger, Escape = Back)	/rv/tmp/xna-games/coderserdar_WindowsPhoneSamples	/rv/tmp/xna-games-content/petzold	checkout shared with games/PhreeCell, games/Wp7PongDemos	
run	Programming Windows Phone 7	Petzold/Ch19-ParametricTextMovement	/rv/data/development/github.com/libcna/cna-cs-samples/games/Petzold/Ch19-ParametricTextMovement/bin/Release/ParametricTextMovement	/rv/data/development/github.com/libcna/cna-cs-samples/games/Petzold/Ch19-ParametricTextMovement/bin/Release	phone (mouse = finger, Escape = Back)	/rv/tmp/xna-games/coderserdar_WindowsPhoneSamples	/rv/tmp/xna-games-content/petzold	checkout shared with games/PhreeCell, games/Wp7PongDemos	
run	Programming Windows Phone 7	Petzold/Ch19-ScaleTextToViewport	/rv/data/development/github.com/libcna/cna-cs-samples/games/Petzold/Ch19-ScaleTextToViewport/bin/Release/ScaleTextToViewport	/rv/data/development/github.com/libcna/cna-cs-samples/games/Petzold/Ch19-ScaleTextToViewport/bin/Release	phone (mouse = finger, Escape = Back)	/rv/tmp/xna-games/coderserdar_WindowsPhoneSamples	/rv/tmp/xna-games-content/petzold	checkout shared with games/PhreeCell, games/Wp7PongDemos	
run	Programming Windows Phone 7	Petzold/Ch19-TextCrawl	/rv/data/development/github.com/libcna/cna-cs-samples/games/Petzold/Ch19-TextCrawl/bin/Release/TextCrawl	/rv/data/development/github.com/libcna/cna-cs-samples/games/Petzold/Ch19-TextCrawl/bin/Release	phone (mouse = finger, Escape = Back)	/rv/tmp/xna-games/coderserdar_WindowsPhoneSamples	/rv/tmp/xna-games-content/petzold	checkout shared with games/PhreeCell, games/Wp7PongDemos	
run	Programming Windows Phone 7	Petzold/Ch19-TouchToStopRevolution	/rv/data/development/github.com/libcna/cna-cs-samples/games/Petzold/Ch19-TouchToStopRevolution/bin/Release/TouchToStopRevolution	/rv/data/development/github.com/libcna/cna-cs-samples/games/Petzold/Ch19-TouchToStopRevolution/bin/Release	phone (mouse = finger, Escape = Back)	/rv/tmp/xna-games/coderserdar_WindowsPhoneSamples	/rv/tmp/xna-games-content/petzold	checkout shared with games/PhreeCell, games/Wp7PongDemos	
run	Programming Windows Phone 7	Petzold/Ch19-VariableTextMovement	/rv/data/development/github.com/libcna/cna-cs-samples/games/Petzold/Ch19-VariableTextMovement/bin/Release/VariableTextMovement	/rv/data/development/github.com/libcna/cna-cs-samples/games/Petzold/Ch19-VariableTextMovement/bin/Release	phone (mouse = finger, Escape = Back)	/rv/tmp/xna-games/coderserdar_WindowsPhoneSamples	/rv/tmp/xna-games-content/petzold	checkout shared with games/PhreeCell, games/Wp7PongDemos	
run	Programming Windows Phone 7	Petzold/Ch19-VectorTextMovement	/rv/data/development/github.com/libcna/cna-cs-samples/games/Petzold/Ch19-VectorTextMovement/bin/Release/VectorTextMovement	/rv/data/development/github.com/libcna/cna-cs-samples/games/Petzold/Ch19-VectorTextMovement/bin/Release	phone (mouse = finger, Escape = Back)	/rv/tmp/xna-games/coderserdar_WindowsPhoneSamples	/rv/tmp/xna-games-content/petzold	checkout shared with games/PhreeCell, games/Wp7PongDemos	
run	Programming Windows Phone 7	Petzold/Ch20-CarOnInfinityCourse	/rv/data/development/github.com/libcna/cna-cs-samples/games/Petzold/Ch20-CarOnInfinityCourse/bin/Release/CarOnInfinityCourse	/rv/data/development/github.com/libcna/cna-cs-samples/games/Petzold/Ch20-CarOnInfinityCourse/bin/Release	phone (mouse = finger, Escape = Back)	/rv/tmp/xna-games/coderserdar_WindowsPhoneSamples	/rv/tmp/xna-games-content/petzold	checkout shared with games/PhreeCell, games/Wp7PongDemos	
run	Programming Windows Phone 7	Petzold/Ch20-CarOnOvalCourse	/rv/data/development/github.com/libcna/cna-cs-samples/games/Petzold/Ch20-CarOnOvalCourse/bin/Release/CarOnOvalCourse	/rv/data/development/github.com/libcna/cna-cs-samples/games/Petzold/Ch20-CarOnOvalCourse/bin/Release	phone (mouse = finger, Escape = Back)	/rv/tmp/xna-games/coderserdar_WindowsPhoneSamples	/rv/tmp/xna-games-content/petzold	checkout shared with games/PhreeCell, games/Wp7PongDemos	
run	Programming Windows Phone 7	Petzold/Ch20-CarOnPolylineCourse	/rv/data/development/github.com/libcna/cna-cs-samples/games/Petzold/Ch20-CarOnPolylineCourse/bin/Release/CarOnPolylineCourse	/rv/data/development/github.com/libcna/cna-cs-samples/games/Petzold/Ch20-CarOnPolylineCourse/bin/Release	phone (mouse = finger, Escape = Back)	/rv/tmp/xna-games/coderserdar_WindowsPhoneSamples	/rv/tmp/xna-games-content/petzold	checkout shared with games/PhreeCell, games/Wp7PongDemos	
run	Programming Windows Phone 7	Petzold/Ch20-CarOnRectangularCourse	/rv/data/development/github.com/libcna/cna-cs-samples/games/Petzold/Ch20-CarOnRectangularCourse/bin/Release/CarOnRectangularCourse	/rv/data/development/github.com/libcna/cna-cs-samples/games/Petzold/Ch20-CarOnRectangularCourse/bin/Release	phone (mouse = finger, Escape = Back)	/rv/tmp/xna-games/coderserdar_WindowsPhoneSamples	/rv/tmp/xna-games-content/petzold	checkout shared with games/PhreeCell, games/Wp7PongDemos	
run	Programming Windows Phone 7	Petzold/Ch20-FlyAwayHello	/rv/data/development/github.com/libcna/cna-cs-samples/games/Petzold/Ch20-FlyAwayHello/bin/Release/FlyAwayHello	/rv/data/development/github.com/libcna/cna-cs-samples/games/Petzold/Ch20-FlyAwayHello/bin/Release	phone (mouse = finger, Escape = Back)	/rv/tmp/xna-games/coderserdar_WindowsPhoneSamples	/rv/tmp/xna-games-content/petzold	checkout shared with games/PhreeCell, games/Wp7PongDemos	
run	Programming Windows Phone 7	Petzold/Ch21-BetterFingerPaint	/rv/data/development/github.com/libcna/cna-cs-samples/games/Petzold/Ch21-BetterFingerPaint/bin/Release/BetterFingerPaint	/rv/data/development/github.com/libcna/cna-cs-samples/games/Petzold/Ch21-BetterFingerPaint/bin/Release	phone (mouse = finger, Escape = Back)	/rv/tmp/xna-games/coderserdar_WindowsPhoneSamples	/rv/tmp/xna-games-content/petzold	checkout shared with games/PhreeCell, games/Wp7PongDemos	
run	Programming Windows Phone 7	Petzold/Ch21-DragAndDraw	/rv/data/development/github.com/libcna/cna-cs-samples/games/Petzold/Ch21-DragAndDraw/bin/Release/DragAndDraw	/rv/data/development/github.com/libcna/cna-cs-samples/games/Petzold/Ch21-DragAndDraw/bin/Release	phone (mouse = finger, Escape = Back)	/rv/tmp/xna-games/coderserdar_WindowsPhoneSamples	/rv/tmp/xna-games-content/petzold	checkout shared with games/PhreeCell, games/Wp7PongDemos	
run	Programming Windows Phone 7	Petzold/Ch21-FlawedFingerPaint	/rv/data/development/github.com/libcna/cna-cs-samples/games/Petzold/Ch21-FlawedFingerPaint/bin/Release/FlawedFingerPaint	/rv/data/development/github.com/libcna/cna-cs-samples/games/Petzold/Ch21-FlawedFingerPaint/bin/Release	phone (mouse = finger, Escape = Back)	/rv/tmp/xna-games/coderserdar_WindowsPhoneSamples	/rv/tmp/xna-games-content/petzold	checkout shared with games/PhreeCell, games/Wp7PongDemos	
run	Programming Windows Phone 7	Petzold/Ch21-GradientBackground	/rv/data/development/github.com/libcna/cna-cs-samples/games/Petzold/Ch21-GradientBackground/bin/Release/GradientBackground	/rv/data/development/github.com/libcna/cna-cs-samples/games/Petzold/Ch21-GradientBackground/bin/Release	phone (mouse = finger, Escape = Back)	/rv/tmp/xna-games/coderserdar_WindowsPhoneSamples	/rv/tmp/xna-games-content/petzold	checkout shared with games/PhreeCell, games/Wp7PongDemos	
run	Programming Windows Phone 7	Petzold/Ch21-MultiFingerPaint	/rv/data/development/github.com/libcna/cna-cs-samples/games/Petzold/Ch21-MultiFingerPaint/bin/Release/MultiFingerPaint	/rv/data/development/github.com/libcna/cna-cs-samples/games/Petzold/Ch21-MultiFingerPaint/bin/Release	phone (mouse = finger, Escape = Back)	/rv/tmp/xna-games/coderserdar_WindowsPhoneSamples	/rv/tmp/xna-games-content/petzold	checkout shared with games/PhreeCell, games/Wp7PongDemos	
run	Programming Windows Phone 7	Petzold/Ch21-PinwheelText	/rv/data/development/github.com/libcna/cna-cs-samples/games/Petzold/Ch21-PinwheelText/bin/Release/PinwheelText	/rv/data/development/github.com/libcna/cna-cs-samples/games/Petzold/Ch21-PinwheelText/bin/Release	phone (mouse = finger, Escape = Back)	/rv/tmp/xna-games/coderserdar_WindowsPhoneSamples	/rv/tmp/xna-games-content/petzold	checkout shared with games/PhreeCell, games/Wp7PongDemos	
run	Programming Windows Phone 7	Petzold/Ch21-RandomRectangles	/rv/data/development/github.com/libcna/cna-cs-samples/games/Petzold/Ch21-RandomRectangles/bin/Release/RandomRectangles	/rv/data/development/github.com/libcna/cna-cs-samples/games/Petzold/Ch21-RandomRectangles/bin/Release	phone (mouse = finger, Escape = Back)	/rv/tmp/xna-games/coderserdar_WindowsPhoneSamples	/rv/tmp/xna-games-content/petzold	checkout shared with games/PhreeCell, games/Wp7PongDemos	
run	Programming Windows Phone 7	Petzold/Ch21-RippleEffect	/rv/data/development/github.com/libcna/cna-cs-samples/games/Petzold/Ch21-RippleEffect/bin/Release/RippleEffect	/rv/data/development/github.com/libcna/cna-cs-samples/games/Petzold/Ch21-RippleEffect/bin/Release	phone (mouse = finger, Escape = Back)	/rv/tmp/xna-games/coderserdar_WindowsPhoneSamples	/rv/tmp/xna-games-content/petzold	checkout shared with games/PhreeCell, games/Wp7PongDemos	
run	Programming Windows Phone 7	Petzold/Ch21-TapForPolygon	/rv/data/development/github.com/libcna/cna-cs-samples/games/Petzold/Ch21-TapForPolygon/bin/Release/TapForPolygon	/rv/data/development/github.com/libcna/cna-cs-samples/games/Petzold/Ch21-TapForPolygon/bin/Release	phone (mouse = finger, Escape = Back)	/rv/tmp/xna-games/coderserdar_WindowsPhoneSamples	/rv/tmp/xna-games-content/petzold	checkout shared with games/PhreeCell, games/Wp7PongDemos	
run	Programming Windows Phone 7	Petzold/Ch22-AffineTransform	/rv/data/development/github.com/libcna/cna-cs-samples/games/Petzold/Ch22-AffineTransform/bin/Release/AffineTransform	/rv/data/development/github.com/libcna/cna-cs-samples/games/Petzold/Ch22-AffineTransform/bin/Release	phone (mouse = finger, Escape = Back)	/rv/tmp/xna-games/coderserdar_WindowsPhoneSamples	/rv/tmp/xna-games-content/petzold	checkout shared with games/PhreeCell, games/Wp7PongDemos	
run	Programming Windows Phone 7	Petzold/Ch22-DragAndPinch	/rv/data/development/github.com/libcna/cna-cs-samples/games/Petzold/Ch22-DragAndPinch/bin/Release/DragAndPinch	/rv/data/development/github.com/libcna/cna-cs-samples/games/Petzold/Ch22-DragAndPinch/bin/Release	phone (mouse = finger, Escape = Back)	/rv/tmp/xna-games/coderserdar_WindowsPhoneSamples	/rv/tmp/xna-games-content/petzold	checkout shared with games/PhreeCell, games/Wp7PongDemos	
run	Programming Windows Phone 7	Petzold/Ch22-DragPinchRotate	/rv/data/development/github.com/libcna/cna-cs-samples/games/Petzold/Ch22-DragPinchRotate/bin/Release/DragPinchRotate	/rv/data/development/github.com/libcna/cna-cs-samples/games/Petzold/Ch22-DragPinchRotate/bin/Release	phone (mouse = finger, Escape = Back)	/rv/tmp/xna-games/coderserdar_WindowsPhoneSamples	/rv/tmp/xna-games-content/petzold	checkout shared with games/PhreeCell, games/Wp7PongDemos	
run	Programming Windows Phone 7	Petzold/Ch22-FlickInertia	/rv/data/development/github.com/libcna/cna-cs-samples/games/Petzold/Ch22-FlickInertia/bin/Release/FlickInertia	/rv/data/development/github.com/libcna/cna-cs-samples/games/Petzold/Ch22-FlickInertia/bin/Release	phone (mouse = finger, Escape = Back)	/rv/tmp/xna-games/coderserdar_WindowsPhoneSamples	/rv/tmp/xna-games-content/petzold	checkout shared with games/PhreeCell, games/Wp7PongDemos	
run	Programming Windows Phone 7	Petzold/Ch22-MandelbrotSet	/rv/data/development/github.com/libcna/cna-cs-samples/games/Petzold/Ch22-MandelbrotSet/bin/Release/MandelbrotSet	/rv/data/development/github.com/libcna/cna-cs-samples/games/Petzold/Ch22-MandelbrotSet/bin/Release	phone (mouse = finger, Escape = Back)	/rv/tmp/xna-games/coderserdar_WindowsPhoneSamples	/rv/tmp/xna-games-content/petzold	checkout shared with games/PhreeCell, games/Wp7PongDemos	
run	Programming Windows Phone 7	Petzold/Ch22-NonAffineTransform	/rv/data/development/github.com/libcna/cna-cs-samples/games/Petzold/Ch22-NonAffineTransform/bin/Release/NonAffineTransform	/rv/data/development/github.com/libcna/cna-cs-samples/games/Petzold/Ch22-NonAffineTransform/bin/Release	phone (mouse = finger, Escape = Back)	/rv/tmp/xna-games/coderserdar_WindowsPhoneSamples	/rv/tmp/xna-games-content/petzold	checkout shared with games/PhreeCell, games/Wp7PongDemos	
run	Programming Windows Phone 7	Petzold/Ch22-OneFingerDrag	/rv/data/development/github.com/libcna/cna-cs-samples/games/Petzold/Ch22-OneFingerDrag/bin/Release/OneFingerDrag	/rv/data/development/github.com/libcna/cna-cs-samples/games/Petzold/Ch22-OneFingerDrag/bin/Release	phone (mouse = finger, Escape = Back)	/rv/tmp/xna-games/coderserdar_WindowsPhoneSamples	/rv/tmp/xna-games-content/petzold	checkout shared with games/PhreeCell, games/Wp7PongDemos	
run	Programming Windows Phone 7	Petzold/Ch22-OneFingerRotation	/rv/data/development/github.com/libcna/cna-cs-samples/games/Petzold/Ch22-OneFingerRotation/bin/Release/OneFingerRotation	/rv/data/development/github.com/libcna/cna-cs-samples/games/Petzold/Ch22-OneFingerRotation/bin/Release	phone (mouse = finger, Escape = Back)	/rv/tmp/xna-games/coderserdar_WindowsPhoneSamples	/rv/tmp/xna-games-content/petzold	checkout shared with games/PhreeCell, games/Wp7PongDemos	
run	Programming Windows Phone 7	Petzold/Ch22-OneFingerScale	/rv/data/development/github.com/libcna/cna-cs-samples/games/Petzold/Ch22-OneFingerScale/bin/Release/OneFingerScale	/rv/data/development/github.com/libcna/cna-cs-samples/games/Petzold/Ch22-OneFingerScale/bin/Release	phone (mouse = finger, Escape = Back)	/rv/tmp/xna-games/coderserdar_WindowsPhoneSamples	/rv/tmp/xna-games-content/petzold	checkout shared with games/PhreeCell, games/Wp7PongDemos	
run	Programming Windows Phone 7	Petzold/Ch22-OneFingerUniformScale	/rv/data/development/github.com/libcna/cna-cs-samples/games/Petzold/Ch22-OneFingerUniformScale/bin/Release/OneFingerUniformScale	/rv/data/development/github.com/libcna/cna-cs-samples/games/Petzold/Ch22-OneFingerUniformScale/bin/Release	phone (mouse = finger, Escape = Back)	/rv/tmp/xna-games/coderserdar_WindowsPhoneSamples	/rv/tmp/xna-games-content/petzold	checkout shared with games/PhreeCell, games/Wp7PongDemos	
run	Programming Windows Phone 7	Petzold/Ch23-PhingerPaint	/rv/data/development/github.com/libcna/cna-cs-samples/games/Petzold/Ch23-PhingerPaint/bin/Release/PhingerPaint	/rv/data/development/github.com/libcna/cna-cs-samples/games/Petzold/Ch23-PhingerPaint/bin/Release	phone (mouse = finger, Escape = Back)	/rv/tmp/xna-games/coderserdar_WindowsPhoneSamples	/rv/tmp/xna-games-content/petzold	checkout shared with games/PhreeCell, games/Wp7PongDemos	
run	Programming Windows Phone 7	Petzold/Ch23-SpinPaint	/rv/data/development/github.com/libcna/cna-cs-samples/games/Petzold/Ch23-SpinPaint/bin/Release/SpinPaint	/rv/data/development/github.com/libcna/cna-cs-samples/games/Petzold/Ch23-SpinPaint/bin/Release	phone (mouse = finger, Escape = Back)	/rv/tmp/xna-games/coderserdar_WindowsPhoneSamples	/rv/tmp/xna-games-content/petzold	checkout shared with games/PhreeCell, games/Wp7PongDemos	
run	Programming Windows Phone 7	Petzold/Ch24-AccelerometerGraph	/rv/data/development/github.com/libcna/cna-cs-samples/games/Petzold/Ch24-AccelerometerGraph/bin/Release/AccelerometerGraph	/rv/data/development/github.com/libcna/cna-cs-samples/games/Petzold/Ch24-AccelerometerGraph/bin/Release	phone (mouse = finger, Escape = Back)	/rv/tmp/xna-games/coderserdar_WindowsPhoneSamples	/rv/tmp/xna-games-content/petzold	accelerometer samples keep their ball still; checkout shared with games/PhreeCell, games/Wp7PongDemos	
run	Programming Windows Phone 7	Petzold/Ch24-AccelerometerVisualization	/rv/data/development/github.com/libcna/cna-cs-samples/games/Petzold/Ch24-AccelerometerVisualization/bin/Release/AccelerometerVisualization	/rv/data/development/github.com/libcna/cna-cs-samples/games/Petzold/Ch24-AccelerometerVisualization/bin/Release	phone (mouse = finger, Escape = Back)	/rv/tmp/xna-games/coderserdar_WindowsPhoneSamples	/rv/tmp/xna-games-content/petzold	accelerometer samples keep their ball still; checkout shared with games/PhreeCell, games/Wp7PongDemos	
run	Programming Windows Phone 7	Petzold/Ch24-EdgeSlam	/rv/data/development/github.com/libcna/cna-cs-samples/games/Petzold/Ch24-EdgeSlam/bin/Release/EdgeSlam	/rv/data/development/github.com/libcna/cna-cs-samples/games/Petzold/Ch24-EdgeSlam/bin/Release	phone (mouse = finger, Escape = Back)	/rv/tmp/xna-games/coderserdar_WindowsPhoneSamples	/rv/tmp/xna-games-content/petzold	accelerometer samples keep their ball still; checkout shared with games/PhreeCell, games/Wp7PongDemos	
run	Programming Windows Phone 7	Petzold/Ch24-TiltAndBounce	/rv/data/development/github.com/libcna/cna-cs-samples/games/Petzold/Ch24-TiltAndBounce/bin/Release/TiltAndBounce	/rv/data/development/github.com/libcna/cna-cs-samples/games/Petzold/Ch24-TiltAndBounce/bin/Release	phone (mouse = finger, Escape = Back)	/rv/tmp/xna-games/coderserdar_WindowsPhoneSamples	/rv/tmp/xna-games-content/petzold	accelerometer samples keep their ball still; checkout shared with games/PhreeCell, games/Wp7PongDemos	
run	Programming Windows Phone 7	Petzold/Ch24-TiltAndRoll	/rv/data/development/github.com/libcna/cna-cs-samples/games/Petzold/Ch24-TiltAndRoll/bin/Release/TiltAndRoll	/rv/data/development/github.com/libcna/cna-cs-samples/games/Petzold/Ch24-TiltAndRoll/bin/Release	phone (mouse = finger, Escape = Back)	/rv/tmp/xna-games/coderserdar_WindowsPhoneSamples	/rv/tmp/xna-games-content/petzold	accelerometer samples keep their ball still; checkout shared with games/PhreeCell, games/Wp7PongDemos	
run	Programming Windows Phone 7	Petzold/Ch24-TiltMaze	/rv/data/development/github.com/libcna/cna-cs-samples/games/Petzold/Ch24-TiltMaze/bin/Release/TiltMaze	/rv/data/development/github.com/libcna/cna-cs-samples/games/Petzold/Ch24-TiltMaze/bin/Release	phone (mouse = finger, Escape = Back)	/rv/tmp/xna-games/coderserdar_WindowsPhoneSamples	/rv/tmp/xna-games-content/petzold	accelerometer samples keep their ball still; checkout shared with games/PhreeCell, games/Wp7PongDemos	
run	PhreeCell	PhreeCell	/rv/data/development/github.com/libcna/cna-cs-samples/games/PhreeCell/bin/Release/PhreeCell	/rv/data/development/github.com/libcna/cna-cs-samples/games/PhreeCell/bin/Release	phone (mouse = finger, Escape = Back)	/rv/tmp/xna-games/coderserdar_WindowsPhoneSamples	/rv/tmp/xna-games-content/phreecell	checkout shared with games/Petzold, games/Wp7PongDemos	
run	Playing in Traffic	PlayingInTraffic	/rv/data/development/github.com/libcna/cna-cs-samples/games/PlayingInTraffic/bin/Release/SmuckVexWin	/rv/data/development/github.com/libcna/cna-cs-samples/games/PlayingInTraffic/bin/Release	desktop	/rv/tmp/xna-games/PlayingInTrafficGame	/rv/tmp/xna-games-content/traffic	splash video, then its menu	
run	A Princess' Request (Ludum Dare 30)	PrincessRequest	/rv/data/development/github.com/libcna/cna-cs-samples/games/PrincessRequest/bin/Release/A Princess' Request	/rv/data/development/github.com/libcna/cna-cs-samples/games/PrincessRequest/bin/Release	desktop	/rv/tmp/xna-games/princess-request	/rv/tmp/xna-games-content/princess		
run	Pyramid Panic	PyramidPanic	/rv/data/development/github.com/libcna/cna-cs-samples/games/PyramidPanic/bin/Release/PyramidPanic	/rv/data/development/github.com/libcna/cna-cs-samples/games/PyramidPanic/bin/Release	desktop	/rv/tmp/xna-games/Kennyomg_PyramidPanic	/rv/tmp/xna-games-content/pyramidpanic		
run	Quadtree Terrain	QuadtreeTerrain	/rv/data/development/github.com/libcna/cna-cs-samples/games/QuadtreeTerrain/bin/Release/Terrain	/rv/data/development/github.com/libcna/cna-cs-samples/games/QuadtreeTerrain/bin/Release	desktop	/rv/tmp/xna-games/quadtree-terrain	/rv/tmp/xna-games/quadtree-terrain		
run	Rabbit Apocalypse (blocked list)	RabbitApocalypse	/rv/data/development/github.com/libcna/cna-cs-samples/games/RabbitApocalypse/bin/Release/RabbitApocalypse	/rv/data/development/github.com/libcna/cna-cs-samples/games/RabbitApocalypse/bin/Release	desktop	/rv/tmp/xna-games/Rabbit-Apocalypse	/rv/tmp/xna-games-content/rabbit	BLOCKED on Linux: its engine P/Invokes winmm.dll joyGetPos before any XNA call	
run	XNA 4.0 Racing Game Kit	RacingGame	/rv/data/development/github.com/libcna/cna-cs-samples/games/RacingGame/bin/Release/RacingGame	/rv/data/development/github.com/libcna/cna-cs-samples/games/RacingGame/bin/Release	desktop + WinForms compat	/rv/tmp/XNAGameStudio	/rv/tmp/samples/SAMPLE-152-XNA-4-Racing-Game-Kit-master	loads ~40 s, then switches to full screen (its saved setting); hold Space 2-3 s in menus (slow polling); XACT paths are relative to the working directory; pre-existing C++ campaign evidence: do not delete with the game	
run	Reflexio	Reflexio	/rv/data/development/github.com/libcna/cna-cs-samples/games/Reflexio/bin/Release/Reflexio	/rv/data/development/github.com/libcna/cna-cs-samples/games/Reflexio/bin/Release	desktop	/rv/tmp/xna-games/ajl275_Reflexio	/rv/tmp/xna-games-content/reflexio		
run	Resonance	Resonance	/rv/data/development/github.com/libcna/cna-cs-samples/games/Resonance/bin/Release/Resonance	/rv/data/development/github.com/libcna/cna-cs-samples/games/Resonance/bin/Release	desktop	/rv/tmp/xna-games/resonance-game	/rv/tmp/xna-games-content/resonance		
run	Risk of Pain	RiskOfPain	/rv/data/development/github.com/libcna/cna-cs-samples/games/RiskOfPain/bin/Release/RiskOfPain	/rv/data/development/github.com/libcna/cna-cs-samples/games/RiskOfPain/bin/Release	desktop	/rv/tmp/xna-games/nanexcool_RiskOfPain	/rv/tmp/xna-games-content/riskofpain		
run	Rookie Drivers	RookieDrivers	/rv/data/development/github.com/libcna/cna-cs-samples/games/RookieDrivers/bin/Release/Rookie Drivers	/rv/data/development/github.com/libcna/cna-cs-samples/games/RookieDrivers/bin/Release	desktop	/rv/tmp/xna-games/rookie-drivers			
run	SKraft	SKraft	/rv/data/development/github.com/libcna/cna-cs-samples/games/SKraft/bin/Release/SKraft	/rv/tmp/cs-samples/skraft/w	desktop	/rv/tmp/xna-games/SKraft	/rv/tmp/xna-games-content/skraft	world files are beside the working directory w (Windows path names); mouse looks, W walks, Quit saves	
run	Saving Embedded Images	SavingEmbeddedImages	/rv/data/development/github.com/libcna/cna-cs-samples/games/SavingEmbeddedImages/bin/Release/SavingEmbeddedImages	/rv/data/development/github.com/libcna/cna-cs-samples/games/SavingEmbeddedImages/bin/Release	phone (mouse = finger, Escape = Back)	/rv/tmp/samples/SAMPLE-106-SavingEmbeddedImages_4_0	/rv/tmp/samples/SAMPLE-106-SavingEmbeddedImages_4_0	pre-existing C++ campaign evidence: do not delete with the game	
run	SharpMik player	SharpMik	/rv/data/development/github.com/libcna/cna-cs-samples/games/SharpMik/bin/Release/XNAWindowsTest	/rv/data/development/github.com/libcna/cna-cs-samples/games/SharpMik/bin/Release	desktop	/rv/tmp/xna-games/thegouldfish_SharpMik	/rv/tmp/xna-games-content/sharpmik		
run	Shootin	Shootin	/rv/data/development/github.com/libcna/cna-cs-samples/games/Shootin/bin/Release/Shootin	/rv/data/development/github.com/libcna/cna-cs-samples/games/Shootin/bin/Release	desktop	/rv/tmp/xna-games/mtio_GoingToTheStars	/rv/tmp/xna-games/mtio_GoingToTheStars		
run	Megaman vs. Zombies (XNASidescroller)	Sidescroller	/rv/data/development/github.com/libcna/cna-cs-samples/games/Sidescroller/bin/Release/WindowsGame1	/rv/data/development/github.com/libcna/cna-cs-samples/games/Sidescroller/bin/Release	desktop	/rv/tmp/xna-games/XNASidescroller			
run	Solitaire (XNASolitaire)	Solitaire	/rv/data/development/github.com/libcna/cna-cs-samples/games/Solitaire/bin/Release/Solitaire XNA	/rv/data/development/github.com/libcna/cna-cs-samples/games/Solitaire/bin/Release	phone (mouse = finger, Escape = Back)	/rv/tmp/xna-games/solitaire-wp	/rv/tmp/xna-games-content/solitaire		
run	Some 2D RPG	Some2DRPG	/rv/data/development/github.com/libcna/cna-cs-samples/games/Some2DRPG/bin/Release/Some2DRPG	/rv/data/development/github.com/libcna/cna-cs-samples/games/Some2DRPG/bin/Release	desktop	/rv/tmp/xna-games/Some-2D-RPG	/rv/tmp/xna-games-content/some2drpg		
run	Sonic 3	Sonic3	/rv/data/development/github.com/libcna/cna-cs-samples/games/Sonic3/bin/Release/Sonic3	/rv/data/development/github.com/libcna/cna-cs-samples/games/Sonic3/bin/Release	desktop	/rv/tmp/xna-games/JonathanDechelle_Sonic3	/rv/tmp/xna-games-content/sonic3		
run	Speedy Blupi	SpeedyBlupi	/rv/data/development/github.com/libcna/cna-cs-samples/games/SpeedyBlupi/bin/Release/SpeedyBlupi	/rv/data/development/github.com/libcna/cna-cs-samples/games/SpeedyBlupi/bin/Release	desktop	/rv/data/development/github.com/openeggbert/mobile-eggbert-legacy/speedy-blupi-xna4		source is the owner's repository openeggbert/mobile-eggbert-legacy: never delete it with the game	
run	Spelunky Tiles	SpelunkyTiles	/rv/data/development/github.com/libcna/cna-cs-samples/games/SpelunkyTiles/bin/Release/SpelunkyTileTest	/rv/data/development/github.com/libcna/cna-cs-samples/games/SpelunkyTiles/bin/Release	desktop	/rv/tmp/xna-games/Jewelots_Spelunky-Tiles	/rv/tmp/xna-games-content/spelunky	places tiles only while the mouse button is held	
run	Spineless (Global Game Jam 2013)	Spineless	/rv/data/development/github.com/libcna/cna-cs-samples/games/Spineless/bin/Release/Spineless	/rv/data/development/github.com/libcna/cna-cs-samples/games/Spineless/bin/Release	desktop	/rv/tmp/xna-games/GGJ13	/rv/tmp/xna-games-content/spineless		
run	Square Chase	SquareChase	/rv/data/development/github.com/libcna/cna-cs-samples/games/SquareChase/bin/Release/SuareChase	/rv/data/development/github.com/libcna/cna-cs-samples/games/SquareChase/bin/Release	desktop	/rv/tmp/xna-games/nethojs29_SquareChase	/rv/tmp/xna-games/nethojs29_SquareChase		
run	Submarine Destroyer	Submariner	/rv/data/development/github.com/libcna/cna-cs-samples/games/Submariner/bin/Release/Submariner	/rv/data/development/github.com/libcna/cna-cs-samples/games/Submariner/bin/Release	desktop	/rv/tmp/xna-games/pwasilewski-pl_submariner-xna	/rv/tmp/xna-games-content/submariner		
run	Super Luigi	SuperLuigi	/rv/data/development/github.com/libcna/cna-cs-samples/games/SuperLuigi/bin/Release/Super_Luigi	/rv/data/development/github.com/libcna/cna-cs-samples/games/SuperLuigi/bin/Release	desktop	/rv/tmp/xna-games/JohnP42_super-luigi	/rv/tmp/xna-games-content/superluigi		
run	Super Mario World (Sprint 4)	SuperMarioWorld	/rv/data/development/github.com/libcna/cna-cs-samples/games/SuperMarioWorld/bin/Release/Sprint_4	/rv/data/development/github.com/libcna/cna-cs-samples/games/SuperMarioWorld/bin/Release	desktop	/rv/tmp/xna-games/c-sharp-mario	/rv/tmp/xna-games-content/mario		
run	Super Smash Polls	SuperSmashPolls	/rv/data/development/github.com/libcna/cna-cs-samples/games/SuperSmashPolls/bin/Release/SuperSmashPolls	/rv/data/development/github.com/libcna/cna-cs-samples/games/SuperSmashPolls/bin/Release	desktop	/rv/tmp/xna-games/WilliamKluge_SuperSmashPolls	/rv/tmp/xna-games-content/supersmashpolls		
run	Thieves Like Us	ThievesLikeUs	/rv/data/development/github.com/libcna/cna-cs-samples/games/ThievesLikeUs/bin/Release/ThievesLikeUs	/rv/data/development/github.com/libcna/cna-cs-samples/games/ThievesLikeUs/bin/Release	desktop	/rv/tmp/xna-games/mdlawson_ThievesLikeUs	/rv/tmp/xna-games-content/thieveslikeus		
run	TIE Fighter Forever	TieFighter	/rv/data/development/github.com/libcna/cna-cs-samples/games/TieFighter/bin/Release/TIE Fighter Forever	/rv/data/development/github.com/libcna/cna-cs-samples/games/TieFighter/bin/Release	desktop	/rv/tmp/xna-games/tiefighter	/rv/tmp/xna-games-content/tiefighter		
run	Tile engine (part 9)	TileEngine	/rv/data/development/github.com/libcna/cna-cs-samples/games/TileEngine/bin/Release/TileEngine	/rv/data/development/github.com/libcna/cna-cs-samples/games/TileEngine/bin/Release	desktop	/rv/tmp/xna-games/google-code-export_the-lost-levels	/rv/tmp/xna-games-content/tileengine	throws off the map edge (its own unchecked TileMap lookup, as under XNA)	
run	tiled-xna example	TiledXna	/rv/data/development/github.com/libcna/cna-cs-samples/games/TiledXna/bin/Release/TiledExample	/rv/data/development/github.com/libcna/cna-cs-samples/games/TiledXna/bin/Release	desktop	/rv/tmp/xna-games/zachmu_tiled-xna	/rv/tmp/xna-games-content/tiledxna		
run	UTS tower defence	UtsTowerDefence	/rv/data/development/github.com/libcna/cna-cs-samples/games/UtsTowerDefence/bin/Release/GameProgrammingMajor	/rv/data/development/github.com/libcna/cna-cs-samples/games/UtsTowerDefence/bin/Release	desktop	/rv/tmp/xna-games/ddoodm_GameProgramming	/rv/tmp/xna-games-content/utsmajor		
run	Virulent (work in progress)	Virulent	/rv/data/development/github.com/libcna/cna-cs-samples/games/Virulent/bin/Release/Virulent_dev	/rv/data/development/github.com/libcna/cna-cs-samples/games/Virulent/bin/Release	desktop	/rv/tmp/xna-games/Virulent-game			
run	willcraftia's XNA tests	WillcraftiaTestXna/LiSPSMDemo	/rv/data/development/github.com/libcna/cna-cs-samples/games/WillcraftiaTestXna/LiSPSMDemo/bin/Release/LiSPSMDemo	/rv/data/development/github.com/libcna/cna-cs-samples/games/WillcraftiaTestXna/LiSPSMDemo/bin/Release	desktop	/rv/tmp/xna-games/willcraftia_TestXna	/rv/tmp/xna-games-content/lispsm		
run	willcraftia's XNA tests	WillcraftiaTestXna/MDTerrainDemo	/rv/data/development/github.com/libcna/cna-cs-samples/games/WillcraftiaTestXna/MDTerrainDemo/bin/Release/MDTerrainDemo	/rv/data/development/github.com/libcna/cna-cs-samples/games/WillcraftiaTestXna/MDTerrainDemo/bin/Release	desktop	/rv/tmp/xna-games/willcraftia_TestXna	/rv/tmp/xna-games-content/mdterrain		
run	willcraftia's XNA tests	WillcraftiaTestXna/MidpointDisplacementDemo	/rv/data/development/github.com/libcna/cna-cs-samples/games/WillcraftiaTestXna/MidpointDisplacementDemo/bin/Release/MidpointDisplacementDemo	/rv/data/development/github.com/libcna/cna-cs-samples/games/WillcraftiaTestXna/MidpointDisplacementDemo/bin/Release	desktop	/rv/tmp/xna-games/willcraftia_TestXna			
run	willcraftia's XNA tests	WillcraftiaTestXna/PSSMDemo	/rv/data/development/github.com/libcna/cna-cs-samples/games/WillcraftiaTestXna/PSSMDemo/bin/Release/PSSMDemo	/rv/data/development/github.com/libcna/cna-cs-samples/games/WillcraftiaTestXna/PSSMDemo/bin/Release	desktop	/rv/tmp/xna-games/willcraftia_TestXna	/rv/tmp/xna-games-content/pssm		
run	willcraftia's XNA tests	WillcraftiaTestXna/PerlinNoiseDemo	/rv/data/development/github.com/libcna/cna-cs-samples/games/WillcraftiaTestXna/PerlinNoiseDemo/bin/Release/PerlinNoiseDemo	/rv/data/development/github.com/libcna/cna-cs-samples/games/WillcraftiaTestXna/PerlinNoiseDemo/bin/Release	desktop	/rv/tmp/xna-games/willcraftia_TestXna			
run	willcraftia's XNA tests	WillcraftiaTestXna/TerrainDemo	/rv/data/development/github.com/libcna/cna-cs-samples/games/WillcraftiaTestXna/TerrainDemo/bin/Release/TerrainDemo	/rv/data/development/github.com/libcna/cna-cs-samples/games/WillcraftiaTestXna/TerrainDemo/bin/Release	desktop	/rv/tmp/xna-games/willcraftia_TestXna	/rv/tmp/xna-games-content/terraindemo		
run	willcraftia's XNA tests	WillcraftiaTestXna/TiledTerrainDemo	/rv/data/development/github.com/libcna/cna-cs-samples/games/WillcraftiaTestXna/TiledTerrainDemo/bin/Release/TiledTerrainDemo	/rv/data/development/github.com/libcna/cna-cs-samples/games/WillcraftiaTestXna/TiledTerrainDemo/bin/Release	desktop	/rv/tmp/xna-games/willcraftia_TestXna	/rv/tmp/xna-games-content/tiledterrain		
run	Windows Phone 7 Game Development	Wp7GameDev/Chapter10-Tombstoning	/rv/data/development/github.com/libcna/cna-cs-samples/games/Wp7GameDev/Chapter10-Tombstoning/bin/Release/Tombstoning	/rv/data/development/github.com/libcna/cna-cs-samples/games/Wp7GameDev/Chapter10-Tombstoning/bin/Release	phone (mouse = finger, Escape = Back)	/rv/tmp/xna-games/Apress_win-phone-7-game-dev	/rv/tmp/xna-games-content/wp7gamedev		
run	Windows Phone 7 Game Development	Wp7GameDev/Chapter10-VaporTrailTS	/rv/data/development/github.com/libcna/cna-cs-samples/games/Wp7GameDev/Chapter10-VaporTrailTS/bin/Release/VaporTrailTS	/rv/data/development/github.com/libcna/cna-cs-samples/games/Wp7GameDev/Chapter10-VaporTrailTS/bin/Release	phone (mouse = finger, Escape = Back)	/rv/tmp/xna-games/Apress_win-phone-7-game-dev	/rv/tmp/xna-games-content/wp7gamedev		
run	Windows Phone 7 Game Development	Wp7GameDev/Chapter3-CosmicRocksPartI	/rv/data/development/github.com/libcna/cna-cs-samples/games/Wp7GameDev/Chapter3-CosmicRocksPartI/bin/Release/CosmicRocksPartI	/rv/data/development/github.com/libcna/cna-cs-samples/games/Wp7GameDev/Chapter3-CosmicRocksPartI/bin/Release	phone (mouse = finger, Escape = Back)	/rv/tmp/xna-games/Apress_win-phone-7-game-dev	/rv/tmp/xna-games-content/wp7gamedev		
run	Windows Phone 7 Game Development	Wp7GameDev/Chapter4-Accelerometer	/rv/data/development/github.com/libcna/cna-cs-samples/games/Wp7GameDev/Chapter4-Accelerometer/bin/Release/Accelerometer	/rv/data/development/github.com/libcna/cna-cs-samples/games/Wp7GameDev/Chapter4-Accelerometer/bin/Release	phone (mouse = finger, Escape = Back)	/rv/tmp/xna-games/Apress_win-phone-7-game-dev	/rv/tmp/xna-games-content/wp7gamedev	throws AccelerometerFailedException (no accelerometer), as a phone whose sensor fails	
run	Windows Phone 7 Game Development	Wp7GameDev/Chapter4-CosmicRocksPartII	/rv/data/development/github.com/libcna/cna-cs-samples/games/Wp7GameDev/Chapter4-CosmicRocksPartII/bin/Release/CosmicRocksPartII	/rv/data/development/github.com/libcna/cna-cs-samples/games/Wp7GameDev/Chapter4-CosmicRocksPartII/bin/Release	phone (mouse = finger, Escape = Back)	/rv/tmp/xna-games/Apress_win-phone-7-game-dev	/rv/tmp/xna-games-content/wp7gamedev		
run	Windows Phone 7 Game Development	Wp7GameDev/Chapter4-GesturesDemo	/rv/data/development/github.com/libcna/cna-cs-samples/games/Wp7GameDev/Chapter4-GesturesDemo/bin/Release/GesturesDemo	/rv/data/development/github.com/libcna/cna-cs-samples/games/Wp7GameDev/Chapter4-GesturesDemo/bin/Release	phone (mouse = finger, Escape = Back)	/rv/tmp/xna-games/Apress_win-phone-7-game-dev	/rv/tmp/xna-games-content/wp7gamedev		
run	Windows Phone 7 Game Development	Wp7GameDev/Chapter5-CosmicRocksPartIII	/rv/data/development/github.com/libcna/cna-cs-samples/games/Wp7GameDev/Chapter5-CosmicRocksPartIII/bin/Release/CosmicRocksPartIII	/rv/data/development/github.com/libcna/cna-cs-samples/games/Wp7GameDev/Chapter5-CosmicRocksPartIII/bin/Release	phone (mouse = finger, Escape = Back)	/rv/tmp/xna-games/Apress_win-phone-7-game-dev	/rv/tmp/xna-games-content/wp7gamedev		
run	Windows Phone 7 Game Development	Wp7GameDev/Chapter5-SoundEffectInstances	/rv/data/development/github.com/libcna/cna-cs-samples/games/Wp7GameDev/Chapter5-SoundEffectInstances/bin/Release/SoundEffectInstances	/rv/data/development/github.com/libcna/cna-cs-samples/games/Wp7GameDev/Chapter5-SoundEffectInstances/bin/Release	phone (mouse = finger, Escape = Back)	/rv/tmp/xna-games/Apress_win-phone-7-game-dev	/rv/tmp/xna-games-content/wp7gamedev		
run	Windows Phone 7 Game Development	Wp7GameDev/Chapter6-OrientationSupport	/rv/data/development/github.com/libcna/cna-cs-samples/games/Wp7GameDev/Chapter6-OrientationSupport/bin/Release/OrientationSupport	/rv/data/development/github.com/libcna/cna-cs-samples/games/Wp7GameDev/Chapter6-OrientationSupport/bin/Release	phone (mouse = finger, Escape = Back)	/rv/tmp/xna-games/Apress_win-phone-7-game-dev	/rv/tmp/xna-games-content/wp7gamedev		
run	Windows Phone 7 Game Development	Wp7GameDev/Chapter7-Isometric	/rv/data/development/github.com/libcna/cna-cs-samples/games/Wp7GameDev/Chapter7-Isometric/bin/Release/Isometric	/rv/data/development/github.com/libcna/cna-cs-samples/games/Wp7GameDev/Chapter7-Isometric/bin/Release	phone (mouse = finger, Escape = Back)	/rv/tmp/xna-games/Apress_win-phone-7-game-dev	/rv/tmp/xna-games-content/wp7gamedev		
run	Windows Phone 7 Game Development	Wp7GameDev/Chapter7-Lighting	/rv/data/development/github.com/libcna/cna-cs-samples/games/Wp7GameDev/Chapter7-Lighting/bin/Release/Lighting	/rv/data/development/github.com/libcna/cna-cs-samples/games/Wp7GameDev/Chapter7-Lighting/bin/Release	phone (mouse = finger, Escape = Back)	/rv/tmp/xna-games/Apress_win-phone-7-game-dev	/rv/tmp/xna-games-content/wp7gamedev		
run	Windows Phone 7 Game Development	Wp7GameDev/Chapter8-ChaseCam	/rv/data/development/github.com/libcna/cna-cs-samples/games/Wp7GameDev/Chapter8-ChaseCam/bin/Release/ChaseCam	/rv/data/development/github.com/libcna/cna-cs-samples/games/Wp7GameDev/Chapter8-ChaseCam/bin/Release	phone (mouse = finger, Escape = Back)	/rv/tmp/xna-games/Apress_win-phone-7-game-dev	/rv/tmp/xna-games-content/wp7gamedev		
run	Windows Phone 7 Game Development	Wp7GameDev/Chapter8-DualTexture	/rv/data/development/github.com/libcna/cna-cs-samples/games/Wp7GameDev/Chapter8-DualTexture/bin/Release/DualTexture	/rv/data/development/github.com/libcna/cna-cs-samples/games/Wp7GameDev/Chapter8-DualTexture/bin/Release	phone (mouse = finger, Escape = Back)	/rv/tmp/xna-games/Apress_win-phone-7-game-dev	/rv/tmp/xna-games-content/wp7gamedev		
run	Windows Phone 7 Game Development	Wp7GameDev/Chapter8-EnvironmentMap	/rv/data/development/github.com/libcna/cna-cs-samples/games/Wp7GameDev/Chapter8-EnvironmentMap/bin/Release/EnvironmentMap	/rv/data/development/github.com/libcna/cna-cs-samples/games/Wp7GameDev/Chapter8-EnvironmentMap/bin/Release	phone (mouse = finger, Escape = Back)	/rv/tmp/xna-games/Apress_win-phone-7-game-dev	/rv/tmp/xna-games-content/wp7gamedev		
run	Windows Phone 7 Game Development	Wp7GameDev/Chapter8-FireAndSmoke	/rv/data/development/github.com/libcna/cna-cs-samples/games/Wp7GameDev/Chapter8-FireAndSmoke/bin/Release/FireAndSmoke	/rv/data/development/github.com/libcna/cna-cs-samples/games/Wp7GameDev/Chapter8-FireAndSmoke/bin/Release	phone (mouse = finger, Escape = Back)	/rv/tmp/xna-games/Apress_win-phone-7-game-dev	/rv/tmp/xna-games-content/wp7gamedev		
run	Windows Phone 7 Game Development	Wp7GameDev/Chapter8-Fog	/rv/data/development/github.com/libcna/cna-cs-samples/games/Wp7GameDev/Chapter8-Fog/bin/Release/Fog	/rv/data/development/github.com/libcna/cna-cs-samples/games/Wp7GameDev/Chapter8-Fog/bin/Release	phone (mouse = finger, Escape = Back)	/rv/tmp/xna-games/Apress_win-phone-7-game-dev	/rv/tmp/xna-games-content/wp7gamedev		
run	Windows Phone 7 Game Development	Wp7GameDev/Chapter8-SkyBox	/rv/data/development/github.com/libcna/cna-cs-samples/games/Wp7GameDev/Chapter8-SkyBox/bin/Release/SkyBox	/rv/data/development/github.com/libcna/cna-cs-samples/games/Wp7GameDev/Chapter8-SkyBox/bin/Release	phone (mouse = finger, Escape = Back)	/rv/tmp/xna-games/Apress_win-phone-7-game-dev	/rv/tmp/xna-games-content/wp7gamedev		
run	Windows Phone 7 Game Development	Wp7GameDev/Chapter8-VaporTrail	/rv/data/development/github.com/libcna/cna-cs-samples/games/Wp7GameDev/Chapter8-VaporTrail/bin/Release/VaporTrail	/rv/data/development/github.com/libcna/cna-cs-samples/games/Wp7GameDev/Chapter8-VaporTrail/bin/Release	phone (mouse = finger, Escape = Back)	/rv/tmp/xna-games/Apress_win-phone-7-game-dev	/rv/tmp/xna-games-content/wp7gamedev		
run	Windows Phone 7 Game Development	Wp7GameDev/Chapter9-HighScores	/rv/data/development/github.com/libcna/cna-cs-samples/games/Wp7GameDev/Chapter9-HighScores/bin/Release/HighScores	/rv/data/development/github.com/libcna/cna-cs-samples/games/Wp7GameDev/Chapter9-HighScores/bin/Release	phone (mouse = finger, Escape = Back)	/rv/tmp/xna-games/Apress_win-phone-7-game-dev	/rv/tmp/xna-games-content/wp7gamedev		
run	Windows Phone Pong demos	Wp7PongDemos/Demo01	/rv/data/development/github.com/libcna/cna-cs-samples/games/Wp7PongDemos/Demo01/bin/Release/PongGame	/rv/data/development/github.com/libcna/cna-cs-samples/games/Wp7PongDemos/Demo01/bin/Release	phone (mouse = finger, Escape = Back)	/rv/tmp/xna-games/coderserdar_WindowsPhoneSamples	/rv/tmp/xna-games-content/pongdemos	checkout shared with games/Petzold, games/PhreeCell	
run	Windows Phone Pong demos	Wp7PongDemos/Demo02	/rv/data/development/github.com/libcna/cna-cs-samples/games/Wp7PongDemos/Demo02/bin/Release/PongGame	/rv/data/development/github.com/libcna/cna-cs-samples/games/Wp7PongDemos/Demo02/bin/Release	phone (mouse = finger, Escape = Back)	/rv/tmp/xna-games/coderserdar_WindowsPhoneSamples	/rv/tmp/xna-games-content/pongdemos	checkout shared with games/Petzold, games/PhreeCell	
run	Windows Phone Pong demos	Wp7PongDemos/Demo03	/rv/data/development/github.com/libcna/cna-cs-samples/games/Wp7PongDemos/Demo03/bin/Release/PongGame	/rv/data/development/github.com/libcna/cna-cs-samples/games/Wp7PongDemos/Demo03/bin/Release	phone (mouse = finger, Escape = Back)	/rv/tmp/xna-games/coderserdar_WindowsPhoneSamples	/rv/tmp/xna-games-content/pongdemos	checkout shared with games/Petzold, games/PhreeCell	
run	Windows Phone Pong demos	Wp7PongDemos/Demo04	/rv/data/development/github.com/libcna/cna-cs-samples/games/Wp7PongDemos/Demo04/bin/Release/PongGame	/rv/data/development/github.com/libcna/cna-cs-samples/games/Wp7PongDemos/Demo04/bin/Release	phone (mouse = finger, Escape = Back)	/rv/tmp/xna-games/coderserdar_WindowsPhoneSamples	/rv/tmp/xna-games-content/pongdemos	checkout shared with games/Petzold, games/PhreeCell	
run	Windows Phone Pong demos	Wp7PongDemos/Demo05	/rv/data/development/github.com/libcna/cna-cs-samples/games/Wp7PongDemos/Demo05/bin/Release/PongGame	/rv/data/development/github.com/libcna/cna-cs-samples/games/Wp7PongDemos/Demo05/bin/Release	phone (mouse = finger, Escape = Back)	/rv/tmp/xna-games/coderserdar_WindowsPhoneSamples	/rv/tmp/xna-games-content/pongdemos	checkout shared with games/Petzold, games/PhreeCell	
run	Windows Phone Pong demos	Wp7PongDemos/Demo06	/rv/data/development/github.com/libcna/cna-cs-samples/games/Wp7PongDemos/Demo06/bin/Release/PongGame	/rv/data/development/github.com/libcna/cna-cs-samples/games/Wp7PongDemos/Demo06/bin/Release	phone (mouse = finger, Escape = Back)	/rv/tmp/xna-games/coderserdar_WindowsPhoneSamples	/rv/tmp/xna-games-content/pongdemos	Tipping Pong: throws AccelerometerFailedException (no accelerometer), as a phone whose sensor fails; checkout shared with games/Petzold, games/PhreeCell	
run	Windows Phone Pong demos	Wp7PongDemos/Demo07	/rv/data/development/github.com/libcna/cna-cs-samples/games/Wp7PongDemos/Demo07/bin/Release/PongGame	/rv/data/development/github.com/libcna/cna-cs-samples/games/Wp7PongDemos/Demo07/bin/Release	phone (mouse = finger, Escape = Back)	/rv/tmp/xna-games/coderserdar_WindowsPhoneSamples	/rv/tmp/xna-games-content/pongdemos	checkout shared with games/Petzold, games/PhreeCell	
run	Windows Phone Pong demos	Wp7PongDemos/Demo08	/rv/data/development/github.com/libcna/cna-cs-samples/games/Wp7PongDemos/Demo08/bin/Release/PongGame	/rv/data/development/github.com/libcna/cna-cs-samples/games/Wp7PongDemos/Demo08/bin/Release	phone (mouse = finger, Escape = Back)	/rv/tmp/xna-games/coderserdar_WindowsPhoneSamples	/rv/tmp/xna-games-content/pongdemos	checkout shared with games/Petzold, games/PhreeCell	
run	Windows Phone 7 Recipes	Wp7Recipes/Chapter1-SimpleXNAApplication	/rv/data/development/github.com/libcna/cna-cs-samples/games/Wp7Recipes/Chapter1-SimpleXNAApplication/bin/Release/SimpleXNAApplication	/rv/data/development/github.com/libcna/cna-cs-samples/games/Wp7Recipes/Chapter1-SimpleXNAApplication/bin/Release	phone (mouse = finger, Escape = Back)	/rv/tmp/xna-games/Apress_win-phone-7-recipes	/rv/tmp/xna-games-content/wp7r-simple		
run	Windows Phone 7 Recipes	Wp7Recipes/Chapter1-XNATrialApplication	/rv/data/development/github.com/libcna/cna-cs-samples/games/Wp7Recipes/Chapter1-XNATrialApplication/bin/Release/XNATrialApplication	/rv/data/development/github.com/libcna/cna-cs-samples/games/Wp7Recipes/Chapter1-XNATrialApplication/bin/Release	phone (mouse = finger, Escape = Back)	/rv/tmp/xna-games/Apress_win-phone-7-recipes	/rv/tmp/xna-games-content/wp7r-trial		
run	Windows Phone 7 Recipes	Wp7Recipes/Chapter2-XNATombstoning	/rv/data/development/github.com/libcna/cna-cs-samples/games/Wp7Recipes/Chapter2-XNATombstoning/bin/Release/XNATombstoning	/rv/data/development/github.com/libcna/cna-cs-samples/games/Wp7Recipes/Chapter2-XNATombstoning/bin/Release	phone (mouse = finger, Escape = Back)	/rv/tmp/xna-games/Apress_win-phone-7-recipes	/rv/tmp/xna-games-content/wp7r-tomb		
run	Xen starter kits	Xen/Platformer	/rv/data/development/github.com/libcna/cna-cs-samples/games/Xen/Platformer/bin/Release/PlatformerXen	/rv/data/development/github.com/libcna/cna-cs-samples/games/Xen/Platformer/bin/Release	desktop	/rv/tmp/xna-games/raphaelmun_Xen	/rv/tmp/xna-games-content/xen-platformer		
run	Xen starter kits	Xen/TwinStickShooter	/rv/data/development/github.com/libcna/cna-cs-samples/games/Xen/TwinStickShooter/bin/Release/TwinStickShooter	/rv/data/development/github.com/libcna/cna-cs-samples/games/Xen/TwinStickShooter/bin/Release	desktop	/rv/tmp/xna-games/raphaelmun_Xen	/rv/tmp/xna-games-content/xen-twinstick		
run	XNA 4.0 Game Development by Example	XnaByExample/AsteroidBeltAssault	/rv/data/development/github.com/libcna/cna-cs-samples/games/XnaByExample/AsteroidBeltAssault/bin/Release/Asteroid Belt Assault	/rv/data/development/github.com/libcna/cna-cs-samples/games/XnaByExample/AsteroidBeltAssault/bin/Release	desktop	/rv/tmp/xna-games/AcornPublishing_xna4-game	/rv/tmp/xna-games-content/asteroidbelt		
run	XNA 4.0 Game Development by Example	XnaByExample/FloodControl	/rv/data/development/github.com/libcna/cna-cs-samples/games/XnaByExample/FloodControl/bin/Release/Flood Control	/rv/data/development/github.com/libcna/cna-cs-samples/games/XnaByExample/FloodControl/bin/Release	desktop	/rv/tmp/xna-games/AcornPublishing_xna4-game	/rv/tmp/xna-games-content/floodcontrol		
run	XNA 4.0 Game Development by Example	XnaByExample/GemstoneHunter	/rv/data/development/github.com/libcna/cna-cs-samples/games/XnaByExample/GemstoneHunter/bin/Release/Gemstone Hunter	/rv/data/development/github.com/libcna/cna-cs-samples/games/XnaByExample/GemstoneHunter/bin/Release	desktop	/rv/tmp/xna-games/AcornPublishing_xna4-game	/rv/tmp/xna-games-content/gemstonehunter		
run	XNA 4.0 Game Development by Example	XnaByExample/RobotRampage	/rv/data/development/github.com/libcna/cna-cs-samples/games/XnaByExample/RobotRampage/bin/Release/Robot Rampage	/rv/data/development/github.com/libcna/cna-cs-samples/games/XnaByExample/RobotRampage/bin/Release	desktop	/rv/tmp/xna-games/AcornPublishing_xna4-game	/rv/tmp/xna-games-content/robotrampage		
run	XNA Shader Programming	XnaShaderProgramming/Shader1-Ambient-light	/rv/data/development/github.com/libcna/cna-cs-samples/games/XnaShaderProgramming/Shader1-Ambient-light/bin/Release/XNAShaderProgramming	/rv/data/development/github.com/libcna/cna-cs-samples/games/XnaShaderProgramming/Shader1-Ambient-light/bin/Release	desktop	/rv/tmp/xna-games/petriw_XNA-Shader-Programming	/rv/tmp/xna-games-content/petriw		
run	XNA Shader Programming	XnaShaderProgramming/Shader2-Diffuse-light	/rv/data/development/github.com/libcna/cna-cs-samples/games/XnaShaderProgramming/Shader2-Diffuse-light/bin/Release/XNAShaderProgramming	/rv/data/development/github.com/libcna/cna-cs-samples/games/XnaShaderProgramming/Shader2-Diffuse-light/bin/Release	desktop	/rv/tmp/xna-games/petriw_XNA-Shader-Programming	/rv/tmp/xna-games-content/petriw		
run	XNA Shader Programming	XnaShaderProgramming/Shader3-Specular-light	/rv/data/development/github.com/libcna/cna-cs-samples/games/XnaShaderProgramming/Shader3-Specular-light/bin/Release/XNAShaderProgramming	/rv/data/development/github.com/libcna/cna-cs-samples/games/XnaShaderProgramming/Shader3-Specular-light/bin/Release	desktop	/rv/tmp/xna-games/petriw_XNA-Shader-Programming	/rv/tmp/xna-games-content/petriw		
run	XNA Shader Programming	XnaShaderProgramming/Shader5-Deform-shader	/rv/data/development/github.com/libcna/cna-cs-samples/games/XnaShaderProgramming/Shader5-Deform-shader/bin/Release/XNAShaderProgramming	/rv/data/development/github.com/libcna/cna-cs-samples/games/XnaShaderProgramming/Shader5-Deform-shader/bin/Release	desktop	/rv/tmp/xna-games/petriw_XNA-Shader-Programming	/rv/tmp/xna-games-content/petriw		
run	XNA Shader Programming	XnaShaderProgramming/Shader6-Ocean-Shader	/rv/data/development/github.com/libcna/cna-cs-samples/games/XnaShaderProgramming/Shader6-Ocean-Shader/bin/Release/XNAShaderProgramming	/rv/data/development/github.com/libcna/cna-cs-samples/games/XnaShaderProgramming/Shader6-Ocean-Shader/bin/Release	desktop	/rv/tmp/xna-games/petriw_XNA-Shader-Programming	/rv/tmp/xna-games-content/petriw		
run	XNA Shader Programming	XnaShaderProgramming/Tutorial25_NoiseGPU	/rv/data/development/github.com/libcna/cna-cs-samples/games/XnaShaderProgramming/Tutorial25_NoiseGPU/bin/Release/NoiseGPU	/rv/data/development/github.com/libcna/cna-cs-samples/games/XnaShaderProgramming/Tutorial25_NoiseGPU/bin/Release	desktop	/rv/tmp/xna-games/petriw_XNA-Shader-Programming	/rv/tmp/xna-games-content/petriw		
run	XNA Shader Programming	XnaShaderProgramming/Tutorial26_BumpMappedNoise	/rv/data/development/github.com/libcna/cna-cs-samples/games/XnaShaderProgramming/Tutorial26_BumpMappedNoise/bin/Release/NoiseGPU	/rv/data/development/github.com/libcna/cna-cs-samples/games/XnaShaderProgramming/Tutorial26_BumpMappedNoise/bin/Release	desktop	/rv/tmp/xna-games/petriw_XNA-Shader-Programming	/rv/tmp/xna-games-content/petriw		
run	XPF samples	Xpf/S01GettingStarted	/rv/data/development/github.com/libcna/cna-cs-samples/games/Xpf/S01GettingStarted/bin/Release/Xpf.Samples.S01GettingStarted	/rv/data/development/github.com/libcna/cna-cs-samples/games/Xpf/S01GettingStarted/bin/Release	desktop	/rv/tmp/xna-games/redbadger_XPF	/rv/tmp/xna-games-content/xpf-s01		
run	XPF samples	Xpf/S02Wp7Orientation	/rv/data/development/github.com/libcna/cna-cs-samples/games/Xpf/S02Wp7Orientation/bin/Release/Xpf.Samples.S02Wp7Orientation	/rv/data/development/github.com/libcna/cna-cs-samples/games/Xpf/S02Wp7Orientation/bin/Release	phone (mouse = finger, Escape = Back)	/rv/tmp/xna-games/redbadger_XPF	/rv/tmp/xna-games-content/xpf-S02Wp7Orientation		
run	XPF samples	Xpf/S03ApplicationBar	/rv/data/development/github.com/libcna/cna-cs-samples/games/Xpf/S03ApplicationBar/bin/Release/XpfSamples.S03ApplicationBar	/rv/data/development/github.com/libcna/cna-cs-samples/games/Xpf/S03ApplicationBar/bin/Release	phone (mouse = finger, Escape = Back)	/rv/tmp/xna-games/redbadger_XPF	/rv/tmp/xna-games-content/xpf-S03ApplicationBar		
run	XPF samples	Xpf/S05DataBinding101	/rv/data/development/github.com/libcna/cna-cs-samples/games/Xpf/S05DataBinding101/bin/Release/Xpf.Samples.S05DataBinding101	/rv/data/development/github.com/libcna/cna-cs-samples/games/Xpf/S05DataBinding101/bin/Release	phone (mouse = finger, Escape = Back)	/rv/tmp/xna-games/redbadger_XPF	/rv/tmp/xna-games-content/xpf-S05DataBinding101		
run	The Legend of Zelda (clone attempt)	Zelda	/rv/data/development/github.com/libcna/cna-cs-samples/games/Zelda/bin/Release/Test Game	/rv/data/development/github.com/libcna/cna-cs-samples/games/Zelda/bin/Release	desktop	/rv/tmp/xna-games/Zelda	/rv/tmp/xna-games-content/zelda		
run	Zombie Run	ZombieRun	/rv/data/development/github.com/libcna/cna-cs-samples/games/ZombieRun/bin/Release/FrunWithXNA2	/rv/data/development/github.com/libcna/cna-cs-samples/games/ZombieRun/bin/Release	desktop	/rv/tmp/xna-games/scottrehlander_ZombieRunXNA	/rv/tmp/xna-games/scottrehlander_ZombieRunXNA		
run	Zombie Smashers X	ZombieSmashers	/rv/data/development/github.com/libcna/cna-cs-samples/games/ZombieSmashers/bin/Release/GameZS	/rv/data/development/github.com/libcna/cna-cs-samples/games/ZombieSmashers/bin/Release	desktop	/rv/tmp/xna-games/ZombieSmashersXNA4		Xbox gamepad only (its menu)	
checkout						/rv/tmp/xna-games/4950_DirtyGame		not used by any game project (253M): recorded in games/README.md (blocked or not XNA 4.0)	
checkout						/rv/tmp/xna-games/999eagle_NeoforceControls		not used by any game project (8.3M): recorded in games/README.md (blocked or not XNA 4.0)	
checkout						/rv/tmp/xna-games/AerysBat_XNALara		not used by any game project (3.6M): recorded in games/README.md (blocked or not XNA 4.0)	
checkout						/rv/tmp/xna-games/AlanWills_Mythology		not used by any game project (20M): recorded in games/README.md (blocked or not XNA 4.0)	
checkout						/rv/tmp/xna-games/AleksandarDev_Project-Squared		not used by any game project (11M): recorded in games/README.md (blocked or not XNA 4.0)	
checkout						/rv/tmp/xna-games/AlexMeuer_Pixel-Blast		not used by any game project (32M): downloaded and triaged, never run or recorded	
checkout						/rv/tmp/xna-games/AngryTanks		not used by any game project (144M): recorded in games/README.md (blocked or not XNA 4.0)	
checkout						/rv/tmp/xna-games/AutonomousCar		not used by any game project (94M): recorded in games/README.md (blocked or not XNA 4.0)	
checkout						/rv/tmp/xna-games/Ben-P-Leda_Bopscotch-Editor		not used by any game project (11M): downloaded and triaged, never run or recorded	
checkout						/rv/tmp/xna-games/DiseasedToast		not used by any game project (38M): recorded in games/README.md (blocked or not XNA 4.0)	
checkout						/rv/tmp/xna-games/Divine-Right		not used by any game project (131M): recorded in games/README.md (blocked or not XNA 4.0)	
checkout						/rv/tmp/xna-games/ErraticUnicorn_ProjectHeist		not used by any game project (18M): downloaded and triaged, never run or recorded	
checkout						/rv/tmp/xna-games/Eva-Frontier		not used by any game project (116M): recorded in games/README.md (blocked or not XNA 4.0)	
checkout						/rv/tmp/xna-games/EvoNet		not used by any game project (21M): recorded in games/README.md (blocked or not XNA 4.0)	
checkout						/rv/tmp/xna-games/Expanze		not used by any game project (194M): recorded in games/README.md (blocked or not XNA 4.0)	
checkout						/rv/tmp/xna-games/Flux-XNA		not used by any game project (3.0M): recorded in games/README.md (blocked or not XNA 4.0)	
checkout						/rv/tmp/xna-games/FoxRyang_Project_Babsang		not used by any game project (192M): downloaded and triaged, never run or recorded	
checkout						/rv/tmp/xna-games/GalacticSoft_Azmyth		not used by any game project (72M): recorded in games/README.md (blocked or not XNA 4.0)	
checkout						/rv/tmp/xna-games/GarethIW_Hunted		not used by any game project (13M): downloaded and triaged, never run or recorded	
checkout						/rv/tmp/xna-games/GarethIW_LDEngine		not used by any game project (23M): downloaded and triaged, never run or recorded	
checkout						/rv/tmp/xna-games/Grey-Infection		not used by any game project (844K): recorded in games/README.md (blocked or not XNA 4.0)	
checkout						/rv/tmp/xna-games/JohnLouderback_illuminati-engine-xna		not used by any game project (132M): recorded in games/README.md (blocked or not XNA 4.0)	
checkout						/rv/tmp/xna-games/JordanFisher_PinkyTwirl-CSharp		not used by any game project (1.9M): downloaded and triaged, never run or recorded	
checkout						/rv/tmp/xna-games/JxqyHD		not used by any game project (102M): recorded in games/README.md (blocked or not XNA 4.0)	
checkout						/rv/tmp/xna-games/KoduGameLab		not used by any game project (217M): recorded in games/README.md (blocked or not XNA 4.0)	
checkout						/rv/tmp/xna-games/Layoric_RonaldTheSnake		not used by any game project (23M): downloaded and triaged, never run or recorded	
checkout						/rv/tmp/xna-games/Lin20_isosurface		not used by any game project (836K): recorded in games/README.md (blocked or not XNA 4.0)	
checkout						/rv/tmp/xna-games/Mannux		not used by any game project (1.3M): recorded in games/README.md (blocked or not XNA 4.0)	
checkout						/rv/tmp/xna-games/Minor-Destruction		not used by any game project (15M): recorded in games/README.md (blocked or not XNA 4.0)	
checkout						/rv/tmp/xna-games/OldSchoolAdventure		not used by any game project (30M): recorded in games/README.md (blocked or not XNA 4.0)	
checkout						/rv/tmp/xna-games/Plasmarobo_Nebulas		not used by any game project (84M): downloaded and triaged, never run or recorded	
checkout						/rv/tmp/xna-games/PokemonAzure		not used by any game project (181M): recorded in games/README.md (blocked or not XNA 4.0)	
checkout						/rv/tmp/xna-games/Samurai		not used by any game project (17M): recorded in games/README.md (blocked or not XNA 4.0)	
checkout						/rv/tmp/xna-games/SamuraiChise_ChiseDrive		not used by any game project (2.2M): downloaded and triaged, never run or recorded	
checkout						/rv/tmp/xna-games/SecondRealipony		not used by any game project (74M): recorded in games/README.md (blocked or not XNA 4.0)	
checkout						/rv/tmp/xna-games/SleepwalkerGame		not used by any game project (147M): recorded in games/README.md (blocked or not XNA 4.0)	
checkout						/rv/tmp/xna-games/SnailsXNA		not used by any game project (301M): recorded in games/README.md (blocked or not XNA 4.0)	
checkout						/rv/tmp/xna-games/SuperBigtoo_Medicraft		not used by any game project (280M): recorded in games/README.md (blocked or not XNA 4.0)	
checkout						/rv/tmp/xna-games/Syderis_CellSDK-Samples		not used by any game project (45M): recorded in games/README.md (blocked or not XNA 4.0)	
checkout						/rv/tmp/xna-games/Tactile-Engine		not used by any game project (31M): recorded in games/README.md (blocked or not XNA 4.0)	
checkout						/rv/tmp/xna-games/Team-IX_adventure-time		not used by any game project (46M): downloaded and triaged, never run or recorded	
checkout						/rv/tmp/xna-games/The-Great-Paper-Adventure		not used by any game project (2.6M): recorded in games/README.md (blocked or not XNA 4.0)	
checkout						/rv/tmp/xna-games/Timendainum_XNA_Engine		not used by any game project (768K): downloaded and triaged, never run or recorded	
checkout						/rv/tmp/xna-games/WP.NuPogodi		not used by any game project (9.2M): recorded in games/README.md (blocked or not XNA 4.0)	
checkout						/rv/tmp/xna-games/WoLfulus_Almirante		not used by any game project (6.5M): recorded in games/README.md (blocked or not XNA 4.0)	
checkout						/rv/tmp/xna-games/XNA-4-Racing-Game-Kit		not used by any game project (400M): a second copy of the Racing Game Kit; games/RacingGame builds from /rv/tmp/XNAGameStudio	
checkout						/rv/tmp/xna-games/XNA-Street-Fighter		not used by any game project (3.8M): recorded in games/README.md (blocked or not XNA 4.0)	
checkout						/rv/tmp/xna-games/ZaneDubya_YCPU		not used by any game project (3.0M): recorded in games/README.md (blocked or not XNA 4.0)	
checkout						/rv/tmp/xna-games/ZeldaOracle		not used by any game project (33M): Zelda Oracle: used by the local side branches zelda-oracle-forms / zelda-oracle; blocked (x86 window-procedure hook)	
checkout						/rv/tmp/xna-games/apeape_Xen-Game-Client		not used by any game project (104M): recorded in games/README.md (blocked or not XNA 4.0)	
checkout						/rv/tmp/xna-games/artemis_CSharp		not used by any game project (57M): recorded in games/README.md (blocked or not XNA 4.0)	
checkout						/rv/tmp/xna-games/boo1ean_bom-bom		not used by any game project (13M): downloaded and triaged, never run or recorded	
checkout						/rv/tmp/xna-games/breadbros_XNAVERGE		not used by any game project (23M): recorded in games/README.md (blocked or not XNA 4.0)	
checkout						/rv/tmp/xna-games/brunolm_DesignPatternsGame		not used by any game project (1.3M): recorded in games/README.md (blocked or not XNA 4.0)	
checkout						/rv/tmp/xna-games/bschwind_Shading		not used by any game project (88M): recorded in games/README.md (blocked or not XNA 4.0)	
checkout						/rv/tmp/xna-games/ccajas_SeedWorld		not used by any game project (1.2M): recorded in games/README.md (blocked or not XNA 4.0)	
checkout						/rv/tmp/xna-games/colinvella_tIDE		not used by any game project (88M): recorded in games/README.md (blocked or not XNA 4.0)	
checkout						/rv/tmp/xna-games/csce3513_Team7		not used by any game project (86M): recorded in games/README.md (blocked or not XNA 4.0)	
checkout						/rv/tmp/xna-games/cuza_PACMAN		not used by any game project (3.0M): recorded in games/README.md (blocked or not XNA 4.0)	
checkout						/rv/tmp/xna-games/drumkit-wp		not used by any game project (8.9M): recorded in games/README.md (blocked or not XNA 4.0)	
checkout						/rv/tmp/xna-games/fbaham_LearningXNA4.0		not used by any game project (44M): downloaded and triaged, never run or recorded	
checkout						/rv/tmp/xna-games/flotilla		not used by any game project (4.3M): recorded in games/README.md (blocked or not XNA 4.0)	
checkout						/rv/tmp/xna-games/gbplaunt22_Fun-Mirror-Win		not used by any game project (166M): downloaded and triaged, never run or recorded	
checkout						/rv/tmp/xna-games/geofftnz_TestBench1		not used by any game project (3.7M): recorded in games/README.md (blocked or not XNA 4.0)	
checkout						/rv/tmp/xna-games/ideka_zelda-platformer		not used by any game project (984K): recorded in games/README.md (blocked or not XNA 4.0)	
checkout						/rv/tmp/xna-games/infinecraft		not used by any game project (69M): recorded in games/README.md (blocked or not XNA 4.0)	
checkout						/rv/tmp/xna-games/infiniminer		not used by any game project (13M): recorded in games/README.md (blocked or not XNA 4.0)	
checkout						/rv/tmp/xna-games/initials_RugbyLeague		not used by any game project (1.4M): recorded in games/README.md (blocked or not XNA 4.0)	
checkout						/rv/tmp/xna-games/initials_SuperHorrorFactory		not used by any game project (2.8M): recorded in games/README.md (blocked or not XNA 4.0)	
checkout						/rv/tmp/xna-games/initials_XNAFlixel		not used by any game project (137M): recorded in games/README.md (blocked or not XNA 4.0)	
checkout						/rv/tmp/xna-games/jeffhube_xna-animation-component-library		not used by any game project (1.2M): downloaded and triaged, never run or recorded	
checkout						/rv/tmp/xna-games/lexwebb_InfiniteBoxEngine		not used by any game project (28M): downloaded and triaged, never run or recorded	
checkout						/rv/tmp/xna-games/mahmoudbahaa_XNA-Game-project		not used by any game project (184M): recorded in games/README.md (blocked or not XNA 4.0)	
checkout						/rv/tmp/xna-games/martinvium_xnaheist		not used by any game project (2.9M): recorded in games/README.md (blocked or not XNA 4.0)	
checkout						/rv/tmp/xna-games/mcacciola_MunchKlone		not used by any game project (35M): recorded in games/README.md (blocked or not XNA 4.0)	
checkout						/rv/tmp/xna-games/mdwheele_voodoo-boy		not used by any game project (113M): downloaded and triaged, never run or recorded	
checkout						/rv/tmp/xna-games/mizrael_GlyphEngine		not used by any game project (724K): downloaded and triaged, never run or recorded	
checkout						/rv/tmp/xna-games/nourselim0_Asteroids-Game		not used by any game project (35M): recorded in games/README.md (blocked or not XNA 4.0)	
checkout						/rv/tmp/xna-games/phoboslab_JS360		not used by any game project (3.0M): downloaded and triaged, never run or recorded	
checkout						/rv/tmp/xna-games/qwertyuu_old-code-backup		not used by any game project (134M): downloaded and triaged, never run or recorded	
checkout						/rv/tmp/xna-games/rkks_refer		not used by any game project (297M): source of the content built for Petzold's Ch24-AccelerometerVisualization	
checkout						/rv/tmp/xna-games/ronnycsharp_WPFLight		not used by any game project (3.1M): recorded in games/README.md (blocked or not XNA 4.0)	
checkout						/rv/tmp/xna-games/spaceconquest		not used by any game project (183M): recorded in games/README.md (blocked or not XNA 4.0)	
checkout						/rv/tmp/xna-games/spectacell_DrunkiBoy		not used by any game project (9.7M): recorded in games/README.md (blocked or not XNA 4.0)	
checkout						/rv/tmp/xna-games/sq_Libraries		not used by any game project (37M): recorded in games/README.md (blocked or not XNA 4.0)	
checkout						/rv/tmp/xna-games/starwarrior_CSharp		not used by any game project (3.3M): recorded in games/README.md (blocked or not XNA 4.0)	
checkout						/rv/tmp/xna-games/stipebosnjak_XNASampleGames		not used by any game project (24M): downloaded and triaged, never run or recorded	
checkout						/rv/tmp/xna-games/studio-nine_Engine-Nine		not used by any game project (109M): downloaded and triaged, never run or recorded	
checkout						/rv/tmp/xna-games/teumaas_DuckFunt		not used by any game project (634M): downloaded and triaged, never run or recorded	
checkout						/rv/tmp/xna-games/tommy-xr_quarx		not used by any game project (13M): recorded in games/README.md (blocked or not XNA 4.0)	
checkout						/rv/tmp/xna-games/tylerforsythe_IceCreamXNA		not used by any game project (12M): downloaded and triaged, never run or recorded	
checkout						/rv/tmp/xna-games/v-venes_XNA-4.0-Book-Projects		not used by any game project (4.9M): downloaded and triaged, never run or recorded	
checkout						/rv/tmp/xna-games/voxeliq		not used by any game project (212M): recorded in games/README.md (blocked or not XNA 4.0)	
checkout						/rv/tmp/xna-games/xexuxjy_bullet-xna		not used by any game project (5.4M): recorded in games/README.md (blocked or not XNA 4.0)	
content							/rv/tmp/xna-games-content/almirante-entites	not used by any game project (5.8M): content built for a blocked game	
content							/rv/tmp/xna-games-content/almirante-fonts	not used by any game project (5.8M): content built for a blocked game	
content							/rv/tmp/xna-games-content/almirante-gui	not used by any game project (5.8M): content built for a blocked game	
content							/rv/tmp/xna-games-content/almirante-inputs	not used by any game project (5.8M): content built for a blocked game	
content							/rv/tmp/xna-games-content/almirante-resources	not used by any game project (6.4M): content built for a blocked game	
content							/rv/tmp/xna-games-content/almirante-scenes	not used by any game project (6.9M): content built for a blocked game	
content							/rv/tmp/xna-games-content/almirante-tweener	not used by any game project (5.8M): content built for a blocked game	
content							/rv/tmp/xna-games-content/babsang	not used by any game project (162M): content built for a blocked game	
content							/rv/tmp/xna-games-content/drumkit	not used by any game project (8.7M): content built for a blocked game	
content							/rv/tmp/xna-games-content/lostlevels	not used by any game project (9.7M): content built for a blocked game	
content							/rv/tmp/xna-games-content/rugbyleague	not used by any game project (23M): content built for a blocked game	
content							/rv/tmp/xna-games-content/shading	not used by any game project (87M): content built for a blocked game	
content							/rv/tmp/xna-games-content/sleepwalker	not used by any game project (224M): content built for a blocked game	
content							/rv/tmp/xna-games-content/songtest	not used by any game project (752K): content built for a blocked game	
content							/rv/tmp/xna-games-content/spaceconquest	not used by any game project (215M): content built for a blocked game	
content							/rv/tmp/xna-games-content/starwarrior	not used by any game project (136K): content built for a blocked game	
content							/rv/tmp/xna-games-content/voxeliq	not used by any game project (1.8M): content built for a blocked game	
content							/rv/tmp/xna-games-content/ycpu	not used by any game project (36K): content built for a blocked game	
content							/rv/tmp/xna-games-content/zeldaoracle	not used by any game project (18M): content built for a blocked game	
