# sample-directory	upstream-directory	upstream-subpath-checked-in	cpp-port-for-content
# The three checkers in scripts/ read this. It is the only place the mapping lives: a sample's
# missing.md states it in prose, and prose cannot be verified.
AimingSample	AimingSample_4_0	Aiming	AimingSample
Audio3D	Audio3DSample_4_0	Audio3D	Audio3D
Bounce	BounceSample_4_0	Bounce/Bounce	-
ChaseAndEvade	ChaseAndEvadeSample_4_0	ChaseAndEvade	ChaseAndEvade
ColorReplacement	ColorReplacementSample_4_0	ColorReplacement	ColorReplacement
ContentManifestExtensions	ContentManifestExtensions_4_0	SampleGame/SampleGame	ContentManifestExtensions
FlockingSample	FlockingSample_4_0	Flocking/Flocking	FlockingSample
FuzzyLogic	FuzzyLogicSample_4_0	FuzzyLogic/FuzzyLogic	FuzzyLogic
GesturesSample	GesturesSample_4_0	TouchGestureSample/TouchGestureSample	GesturesSample
InputReporter	InputReporter_4_0	InputReporter	InputReporter
InputSequence	InputSequenceSample_4_0	InputSequenceSample	InputSequence
LocalizationSample	LocalizationSample_4_0	Localization	LocalizationSample
MicrophoneEcho	MicrophoneEchoSample_4_0	MicrophoneEchoSample	MicrophoneEcho
Orientation	Orientation_4_0	OrientationSample/OrientationSample	Orientation
ParticleSample	ParticleSample_4_0	ParticleSample	ParticleSample
PathDrawing	PathDrawing_4_0	PathDrawing/PathDrawing	PathDrawing
Pathfinding	Pathfinding_4_0	Pathfinding/Pathfinding	Pathfinding
PerPixelCollision	PerPixelCollisionSample_4_0	PerPixelCollision/PerPixelCollision	PerPixelCollision
Primitives3D	Primitives3DSample_4_0	Primitives3D	Primitives3D
PrimitivesSample	PrimitivesSample_4_0	Primitives	-
RectangleCollision	RectangleCollisionSample_4_0	RectangleCollision/RectangleCollision	RectangleCollision
SafeArea	SafeAreaSample_4_0	SafeArea	SafeArea
ShapeRendering	ShapeRenderingSample_4_0	ShapeRenderingSample	-
SnowShovel	SnowShovelSample_4_0	SnowShovel/SnowShovel	SnowShovel
SpriteEffects	SpriteEffectsSample_4_0	SpriteEffects	SpriteEffects
SpriteSheet	SpriteSheetSample_4_0	SpriteSheetSample/SpriteSheetSample	SpriteSheet
TouchThumbsticks	TouchThumbsticksSample_4_0	TouchThumbSticks/TouchThumbSticks	TouchThumbsticks
TransformedCollision	TransformedCollisionSample_4_0	TransformedCollision/TransformedCollision	TransformedCollision
TransformedCollisionTest	TransformedCollisionSample_4_0	TransformedCollisionTest/TransformedCollisionTest/TransformedCollisionTest	TransformedCollisionTest
WaypointSample	WaypointSample_4_0	Waypoints/Waypoints	WaypointSample
AccelerometerSample	AccelerometerSample_4_0	Accelerometer/Accelerometer	AccelerometerSample
SimpleAnimation	SimpleAnimation_4_0	SimpleAnimation	SimpleAnimation
SplitScreen	SplitScreenSample_4_0	SplitScreenSample/SplitScreenSample	SplitScreen
ShatterEffect	ShatterEffectSample_4_0	ShatterEffect	ShatterEffect
CustomModelClass	CustomModelClassSample_4_0	CustomModelSample	CustomModelClass
NonPhotoRealistic	NonPhotoRealisticSample_4_0	NonPhotoRealistic	NonPhotoRealistic
ShadowMapping	ShadowMappingSample_4_0	ShadowMapping	ShadowMapping
GeneratedGeometry	GeneratedGeometrySample_4_0	GeneratedGeometry	GeneratedGeometry
CameraShake	CameraShake_4_0	CameraShake/CameraShake	CameraShake
LensFlare	LensFlareSample_4_0	LensFlare	LensFlare
CustomModelEffect	CustomModelEffectSample_4_0	CustomModelEffect	CustomModelEffect
NormalMappingEffect	NormalMappingSample_4_0	NormalMappingEffect	NormalMappingEffect
BloomSample	BloomSample_4_0	BloomPostprocess	BloomSample
BillboardSample	BillboardSample_4_0	Billboard	BillboardSample
InstancedModel	InstancedModelSample_4_0	InstancedModelSample/InstancedModelSample	InstancedModel
ModelImporterSample	ModelImporterSample_4_0	ModelImporterSample/ObjImporterGame	ModelImporterSample
ChaseCamera	ChaseCamera_4_0	ChaseCamera	ChaseCamera
HeightmapCollision	HeightmapCollisionSample_4_0	HeightmapCollision/HeightmapCollision	HeightmapCollision
Graphics3D	Graphics3DSample_4_0	Sample3DGraphics/Sample3DGraphics	Graphics3D
SoundAndMusic	SoundAndMusic_4_0	SoundAndMusicSample/SoundAndMusicSample	SoundAndMusic
DistortionSample	DistortionSample_4_0	Distortion	DistortionSample
SkinningSample	SkinningSample_4_0	SkinningSample	SkinningSample
RimLighting	RimLighting_4_0	RimLighting/RimLighting	RimLighting
TexturesAndColors	TexturesAndColorsSample_4_0	TexturesAndColors	TexturesAndColors
PickingSample	PickingSample_4_0	Picking	PickingSample
VertexLighting	VertexLightingSample_4_0	VertexLighting	VertexLighting
InverseKinematics	InverseKinematics_4_0	InverseKinematics/InverseKinematics	InverseKinematics
TankOnHeightmap	TankOnAHeightMapSample_4_0	TankOnAHeightmap/TankOnAHeightmap	TankOnHeightmap
PerPixelLighting	PerPixelLightingSample_4_0	PerPixelLighting	PerPixelLighting
TrianglePicking	TrianglePickingSample_4_0	TrianglePickingSample	TrianglePicking
SoccerPitch	SoccerPitchSample_4_0	SoccerPitch/SoccerPitch	SoccerPitch
Particles3D	Particles3DSample_4_0	Particle3DSample	Particles3D
Particles2DPipeline	Particles2DPipeline_4_0	Particles2DPipelineSample/Particles2DPipelineSample	Particles2DPipeline
XmlParticles	XmlParticles_4_0	XmlParticles/Particle3DSample	XmlParticles
CustomModelAnimation	CustomModelAnimation_4_0	CustomModelAnimationSample/CustomModelAnimationSample	CustomModelAnimation
SkinnedModelExtensions	SkinnedModelExtensions_4_0	SkinningSample	SkinnedModelExtensions
CPUSkinning	CPUSkinningSample_4_0	CpuSkinningDemo/CpuSkinningDemo	CPUSkinning
ReachGraphicsDemo	ReachGraphicsDemo_4_0	ReachGraphicsDemo	ReachGraphicsDemo
Platformer	Platformer_4_0	Platformer/Platformer	Platformer
CollisionSample	CollisionSample_4_0	Collision	CollisionSample
GameStateManagement	GSMSample_4_0_WIN_XBOX	GameStateManagementSample	GameStateManagement
PerformanceMeasuring	PerformanceMeasuringSample_4_0	PerformanceMeasuring/PerformanceMeasuring	PerformanceMeasuring
UISample	UISample_4_0	UISample	UISample
DynamicMenu	DynamicMenu_4_0	DynamicMenuSample/DynamicMenuSample	DynamicMenu
MarbleMaze	MarbleMaze_4_0	Source/EX2_Polishing/End/MarbleMazeGame/MarbleMazeGame	MarbleMaze
HoneycombRush	HoneycombRush_4_0	Sources/EX2_PolishAndMenus/HoneycombRush/HoneycombRush	HoneycombRush
CatapultWars	CatapultWars_4_0	Source/EX2_PolishAndMenus/End/CatapultGame/CatapultGame	CatapultWars
CardsStarterKit	CardsStarterKit_4_0	CardsGame/CardsGame	CardsStarterKit
